file,sha256,bytes
raw_covid/E0_2017-18.csv,4f3389365ef3f7ac966764ed8ba67cf3b79f5aebed18dd224099c4b2c98bc67b,100734
raw_covid/E0_2018-19.csv,7c096b3c2ecd54c6993d22eeea73450c2bde11e3457238b226b8f43c62dfc35e,96144
raw_covid/E0_2019-20.csv,100037618b94f94057400bb02bf6bac4ef74ddaa58cde4b38370839c39caee61,175475
raw_covid/E0_2020-21.csv,5afe63f69401457b8354eaacee24f9a3e520b3c3af6329564a9783e20d789c62,175815
raw_covid/E0_2021-22.csv,335afcbabeb2939fa10ab39ba3e8215072d0b577cb8d0705c1e44c56e934e703,175363
raw/E0_2022-23.csv,8442792d3b614c94ea3cf381bd2736805889cc1713169035368fff19c3d02380,176180
raw/E0_2023-24.csv,b2e057b0ed959f198b0f63d2391c01239f3608e6de5db68edab3f88e04d07ff3,172196
raw/E0_2024-25.csv,d0c8ce4a96d886cf60cf101f570f4a3893844226f91c7bd769eb568c49edbfa4,197110
raw_covid/SP1_2017-18.csv,5786719e06d1a5387cb90fac71597c890f496df19e8e1aa868bbc852f7e730fd,96801
raw_covid/SP1_2018-19.csv,9b8cece2c85e90e382b30dc4fc5046534f12c6d2b0efa74cd7d1d52e90a0c201,92914
raw_covid/SP1_2019-20.csv,a05d5d60eee0b1414c56d6d6817f860cdc620e206234069a1886c98a8cb318da,171484
raw_covid/SP1_2020-21.csv,b4137db923101f464e8403c4973acbfaf7d71724ce93b4336fad580e894d9591,171721
raw_covid/SP1_2021-22.csv,2d9e619700712823d15716c07715133f8c3b1a09046930dcfc785a38633dee2e,172174
raw/SP1_2022-23.csv,53348112526b5165539df240be350083989bb258f30c0ff7cacbc0165ca7e4b3,172199
raw/SP1_2023-24.csv,5323f596c7ed318e4bce95557a369d809d98501fa499ea5f41350cd45cf3c7d9,168164
raw/SP1_2024-25.csv,c086e96d6a53f6e6c0fce4e35db0d1728c773b4362323da0161a34769e315a36,192863
