league,season,operator,matches,method,unit,estimate,ci_low,ci_high,p_boot,bootstrap_valid,p_holm
E0,all,B365,1140,proportional,residual pp per 10 pp probability,0.794294488816,-0.235469363991,1.72084179765,0.109945027486,2000,0.87956021989
E0,all,B365,1140,power,residual pp per 10 pp probability,0.175271881519,-0.800746309235,1.0504401051,0.710144927536,2000,1
E0,all,B365,1140,additive,residual pp per 10 pp probability,0.230022274532,-0.748673134538,1.10857992466,0.624687656172,2000,1
E0,all,B365,1140,shin,residual pp per 10 pp probability,0.369738579638,-0.622088222718,1.26285950066,0.44127936032,2000,1
E0,all,PS,1140,proportional,residual pp per 10 pp probability,0.557886117675,-0.434874784814,1.47671132347,0.261369315342,2000,1
E0,all,PS,1140,power,residual pp per 10 pp probability,0.218182939865,-0.751593188571,1.09909835356,0.63968015992,2000,1
E0,all,PS,1140,additive,residual pp per 10 pp probability,0.245190472122,-0.723086604488,1.12965662298,0.60219890055,2000,1
E0,all,PS,1140,shin,residual pp per 10 pp probability,0.322978537924,-0.651522195953,1.21602133368,0.491254372814,2000,1
E0,2022-23,B365,380,proportional,residual pp per 10 pp probability,0.542655888648,-1.34719883133,2.40557205985,0.552723638181,2000,1
E0,2022-23,B365,380,power,residual pp per 10 pp probability,-0.0726949537869,-1.85388618122,1.70603341431,0.934532733633,2000,1
E0,2022-23,B365,380,additive,residual pp per 10 pp probability,-0.0195003299786,-1.81207201656,1.76120922233,0.980509745127,2000,1
E0,2022-23,B365,380,shin,residual pp per 10 pp probability,0.119813486888,-1.69645148746,1.92240505557,0.897551224388,2000,1
E0,2022-23,PS,380,proportional,residual pp per 10 pp probability,0.34691196461,-1.49864831826,2.17655157034,0.705147426287,2000,1
E0,2022-23,PS,380,power,residual pp per 10 pp probability,0.0537683200456,-1.73422529266,1.83217372156,0.949525237381,2000,1
E0,2022-23,PS,380,additive,residual pp per 10 pp probability,0.0752973768172,-1.71405030933,1.85793845694,0.930034982509,2000,1
E0,2022-23,PS,380,shin,residual pp per 10 pp probability,0.142936767862,-1.65829102537,1.93811929213,0.885057471264,2000,1
E0,2023-24,B365,380,proportional,residual pp per 10 pp probability,1.75821663987,0.245311429093,3.25028119016,0.0214892553723,2000,0.343828085957
E0,2023-24,B365,380,power,residual pp per 10 pp probability,1.0929919898,-0.350956038963,2.51486447301,0.145427286357,2000,1
E0,2023-24,B365,380,additive,residual pp per 10 pp probability,1.15417229649,-0.290503792044,2.58022820113,0.124937531234,2000,1
E0,2023-24,B365,380,shin,residual pp per 10 pp probability,1.3037967882,-0.157156464419,2.74328912973,0.0844577711144,2000,1
E0,2023-24,PS,380,proportional,residual pp per 10 pp probability,1.43917222541,-0.0584388721392,2.90569241643,0.063968015992,2000,0.895552223888
E0,2023-24,PS,380,power,residual pp per 10 pp probability,1.04874845729,-0.402874421694,2.47442801747,0.169915042479,2000,1
E0,2023-24,PS,380,additive,residual pp per 10 pp probability,1.08278937107,-0.372177082334,2.5069931838,0.158420789605,2000,1
E0,2023-24,PS,380,shin,residual pp per 10 pp probability,1.17138522738,-0.294218075938,2.60501450528,0.127436281859,2000,1
E0,2024-25,B365,380,proportional,residual pp per 10 pp probability,-0.0597506768637,-1.71129472759,1.55257112208,0.944027986007,2000,1
E0,2024-25,B365,380,power,residual pp per 10 pp probability,-0.627766160206,-2.18585518037,0.897068707688,0.458270864568,2000,1
E0,2024-25,B365,380,additive,residual pp per 10 pp probability,-0.577675962177,-2.14107962307,0.950120001649,0.493753123438,2000,1
E0,2024-25,B365,380,shin,residual pp per 10 pp probability,-0.449628847388,-2.03280475774,1.09873617634,0.591704147926,2000,1
E0,2024-25,PS,380,proportional,residual pp per 10 pp probability,-0.246811587808,-1.8352454433,1.2869427972,0.760619690155,2000,1
E0,2024-25,PS,380,power,residual pp per 10 pp probability,-0.574892542465,-2.11166913603,0.917572309547,0.48275862069,2000,1
E0,2024-25,PS,380,additive,residual pp per 10 pp probability,-0.549669951256,-2.09094837709,0.943180075713,0.504247876062,2000,1
E0,2024-25,PS,380,shin,residual pp per 10 pp probability,-0.474392726879,-2.02739029017,1.0287414068,0.561219390305,2000,1
SP1,all,B365,1140,proportional,residual pp per 10 pp probability,1.65996540532,0.547595419623,2.82812727769,0.00649675162419,2000,0.103948025987
SP1,all,B365,1140,power,residual pp per 10 pp probability,0.997266584781,-0.0534758717411,2.10965741567,0.0684657671164,2000,0.713643178411
SP1,all,B365,1140,additive,residual pp per 10 pp probability,1.04251105757,-0.0147372334388,2.15652044966,0.0594702648676,2000,0.713643178411
SP1,all,B365,1140,shin,residual pp per 10 pp probability,1.19585634036,0.125093486493,2.32370848243,0.0384807596202,2000,0.538730634683
SP1,all,PS,1140,proportional,residual pp per 10 pp probability,1.37308830945,0.271745612831,2.52730871518,0.0204897551224,2000,0.307346326837
SP1,all,PS,1140,power,residual pp per 10 pp probability,1.01652238337,-0.0502910991105,2.13937412838,0.0659670164918,2000,0.713643178411
SP1,all,PS,1140,additive,residual pp per 10 pp probability,1.0367830508,-0.0320586214425,2.16001347421,0.0624687656172,2000,0.713643178411
SP1,all,PS,1140,shin,residual pp per 10 pp probability,1.12063102852,0.0441468471764,2.25173179965,0.0459770114943,2000,0.597701149425
SP1,2022-23,B365,380,proportional,residual pp per 10 pp probability,1.13444572565,-0.77757580493,2.95751359875,0.23988005997,2000,1
SP1,2022-23,B365,380,power,residual pp per 10 pp probability,0.481376901196,-1.33349189474,2.18732236633,0.599700149925,2000,1
SP1,2022-23,B365,380,additive,residual pp per 10 pp probability,0.522689886488,-1.29747647717,2.24480601556,0.565217391304,2000,1
SP1,2022-23,B365,380,shin,residual pp per 10 pp probability,0.674585599996,-1.16848910797,2.42192245922,0.473263368316,2000,1
SP1,2022-23,PS,380,proportional,residual pp per 10 pp probability,0.896411597764,-0.939235252857,2.65952120585,0.347326336832,2000,1
SP1,2022-23,PS,380,power,residual pp per 10 pp probability,0.600057542822,-1.19313318653,2.32279365462,0.514742628686,2000,1
SP1,2022-23,PS,380,additive,residual pp per 10 pp probability,0.613214951883,-1.1800353255,2.33678758344,0.506246876562,2000,1
SP1,2022-23,PS,380,shin,residual pp per 10 pp probability,0.683850339805,-1.11987798121,2.41775722734,0.468265867066,2000,1
SP1,2023-24,B365,380,proportional,residual pp per 10 pp probability,2.14486589082,0.19125780519,4.30749879705,0.0424787606197,2000,0.637181409295
SP1,2023-24,B365,380,power,residual pp per 10 pp probability,1.48786310555,-0.370852267547,3.54870282082,0.137431284358,2000,1
SP1,2023-24,B365,380,additive,residual pp per 10 pp probability,1.53551715315,-0.327600998414,3.59482970612,0.127936031984,2000,1
SP1,2023-24,B365,380,shin,residual pp per 10 pp probability,1.68644468353,-0.198337214696,3.77186423534,0.0944527736132,2000,1
SP1,2023-24,PS,380,proportional,residual pp per 10 pp probability,1.78115709792,-0.143790410493,3.94292207646,0.0889555222389,2000,1
SP1,2023-24,PS,380,power,residual pp per 10 pp probability,1.39956929093,-0.464759887143,3.49949610773,0.169415292354,2000,1
SP1,2023-24,PS,380,additive,residual pp per 10 pp probability,1.42505499605,-0.441226669253,3.52371724465,0.16091954023,2000,1
SP1,2023-24,PS,380,shin,residual pp per 10 pp probability,1.51357597904,-0.366652935159,3.62807962829,0.139930034983,2000,1
SP1,2024-25,B365,380,proportional,residual pp per 10 pp probability,1.68958538783,-0.308219949258,3.78405685569,0.103948025987,2000,1
SP1,2024-25,B365,380,power,residual pp per 10 pp probability,1.01696903649,-0.855667889147,2.98886596366,0.303348325837,2000,1
SP1,2024-25,B365,380,additive,residual pp per 10 pp probability,1.06299534722,-0.8230332042,3.04881860544,0.290854572714,2000,1
SP1,2024-25,B365,380,shin,residual pp per 10 pp probability,1.2189609278,-0.694251361194,3.23490485772,0.229885057471,2000,1
SP1,2024-25,PS,380,proportional,residual pp per 10 pp probability,1.42424761434,-0.53656834189,3.4658923528,0.15992003998,2000,1
SP1,2024-25,PS,380,power,residual pp per 10 pp probability,1.03398767205,-0.863316518706,3.0171396435,0.303348325837,2000,1
SP1,2024-25,PS,380,additive,residual pp per 10 pp probability,1.05599108846,-0.845071586784,3.03628451334,0.295352323838,2000,1
SP1,2024-25,PS,380,shin,residual pp per 10 pp probability,1.14792087603,-0.768028484589,3.14349210277,0.257871064468,2000,1
