league,season,operator,matches,method,bins,scheme,macro_ece_pp,max_gap_pp
E0,all,B365,1140,proportional,10,equal_frequency,2.83142906874,11.386904252
E0,all,B365,1140,proportional,5,equal_frequency,1.98456235709,7.30757876239
E0,all,B365,1140,proportional,15,equal_frequency,3.57705663713,12.9808029984
E0,all,B365,1140,proportional,20,equal_frequency,4.32558504631,14.0470210053
E0,all,B365,1140,proportional,20,equal_width,2.50764683054,19.1377659921
E0,all,B365,1140,power,10,equal_frequency,2.58704467482,9.41618036221
E0,all,B365,1140,power,5,equal_frequency,1.65081775005,6.58994650069
E0,all,B365,1140,power,15,equal_frequency,3.329793386,11.9546224674
E0,all,B365,1140,power,20,equal_frequency,3.98990637522,13.061964822
E0,all,B365,1140,power,20,equal_width,2.92000406007,9.79073685844
E0,all,B365,1140,additive,10,equal_frequency,2.76865478617,9.45858470299
E0,all,B365,1140,additive,5,equal_frequency,1.78004006889,6.65794762098
E0,all,B365,1140,additive,15,equal_frequency,3.3914542563,11.9898316676
E0,all,B365,1140,additive,20,equal_frequency,4.04454279562,13.093038235
E0,all,B365,1140,additive,20,equal_width,3.1429144217,15.4050605198
E0,all,B365,1140,shin,10,equal_frequency,2.73997319011,9.72902371431
E0,all,B365,1140,shin,5,equal_frequency,1.82174299982,6.97096130686
E0,all,B365,1140,shin,15,equal_frequency,3.44718455861,12.2450611934
E0,all,B365,1140,shin,20,equal_frequency,4.0672081676,13.338750671
E0,all,B365,1140,shin,20,equal_width,2.89511074665,15.3233803472
E0,all,PS,1140,proportional,10,equal_frequency,2.74795243613,12.8366952249
E0,all,PS,1140,proportional,5,equal_frequency,1.67704607634,6.50984222099
E0,all,PS,1140,proportional,15,equal_frequency,3.72371119224,16.6219272767
E0,all,PS,1140,proportional,20,equal_frequency,4.16374180419,13.720128387
E0,all,PS,1140,proportional,20,equal_width,2.48086874265,15.534452399
E0,all,PS,1140,power,10,equal_frequency,2.61867236563,12.283577047
E0,all,PS,1140,power,5,equal_frequency,1.5659783354,6.28155259981
E0,all,PS,1140,power,15,equal_frequency,3.62656089014,16.1106379863
E0,all,PS,1140,power,20,equal_frequency,4.05744763452,14.9815785774
E0,all,PS,1140,power,20,equal_width,2.44284985087,16.31066176
E0,all,PS,1140,additive,10,equal_frequency,2.60735376149,12.2973435492
E0,all,PS,1140,additive,5,equal_frequency,1.50744994535,6.30780674233
E0,all,PS,1140,additive,15,equal_frequency,3.54840763465,16.1207748356
E0,all,PS,1140,additive,20,equal_frequency,4.10100169542,14.9901555381
E0,all,PS,1140,additive,20,equal_width,2.36340080301,16.3213022704
E0,all,PS,1140,shin,10,equal_frequency,2.62814026061,12.4342356228
E0,all,PS,1140,shin,5,equal_frequency,1.54176192597,6.47028342081
E0,all,PS,1140,shin,15,equal_frequency,3.65289806237,16.2477386328
E0,all,PS,1140,shin,20,equal_frequency,4.14278294788,15.1129975292
E0,all,PS,1140,shin,20,equal_width,2.26590229715,14.2397651695
SP1,all,B365,1140,proportional,10,equal_frequency,3.39250125792,9.63712589775
SP1,all,B365,1140,proportional,5,equal_frequency,2.8478339658,6.54692124599
SP1,all,B365,1140,proportional,15,equal_frequency,4.05512633385,17.552643346
SP1,all,B365,1140,proportional,20,equal_frequency,4.50787206692,14.5688779343
SP1,all,B365,1140,proportional,20,equal_width,3.50684090992,23.7393463048
SP1,all,B365,1140,power,10,equal_frequency,2.9849145977,8.94989954748
SP1,all,B365,1140,power,5,equal_frequency,2.41039302669,4.51064976426
SP1,all,B365,1140,power,15,equal_frequency,3.88308176745,12.6482876788
SP1,all,B365,1140,power,20,equal_frequency,4.28592311827,14.210518267
SP1,all,B365,1140,power,20,equal_width,2.86778225326,23.8933814753
SP1,all,B365,1140,additive,10,equal_frequency,2.94469113627,8.95395891627
SP1,all,B365,1140,additive,5,equal_frequency,2.40592102731,4.57279886471
SP1,all,B365,1140,additive,15,equal_frequency,3.75353394953,12.8739735336
SP1,all,B365,1140,additive,20,equal_frequency,4.18040473434,14.1994972282
SP1,all,B365,1140,additive,20,equal_width,3.01277281588,19.9278408295
SP1,all,B365,1140,shin,10,equal_frequency,3.07800432571,9.1304642383
SP1,all,B365,1140,shin,5,equal_frequency,2.53389976668,5.02919575302
SP1,all,B365,1140,shin,15,equal_frequency,3.84520841136,13.3996042614
SP1,all,B365,1140,shin,20,equal_frequency,4.25180740882,14.2952836297
SP1,all,B365,1140,shin,20,equal_width,3.18695487717,23.868815454
SP1,all,PS,1140,proportional,10,equal_frequency,3.18215088074,11.2413828578
SP1,all,PS,1140,proportional,5,equal_frequency,2.45594664654,5.78768073927
SP1,all,PS,1140,proportional,15,equal_frequency,4.51582686847,15.1672920871
SP1,all,PS,1140,proportional,20,equal_frequency,4.68001350874,16.9582228386
SP1,all,PS,1140,proportional,20,equal_width,3.58059343028,22.7474658769
SP1,all,PS,1140,power,10,equal_frequency,2.87023303174,10.0381592676
SP1,all,PS,1140,power,5,equal_frequency,2.13639807903,4.76574143746
SP1,all,PS,1140,power,15,equal_frequency,4.08394163764,13.9224003323
SP1,all,PS,1140,power,20,equal_frequency,4.25199424533,16.5676179885
SP1,all,PS,1140,power,20,equal_width,3.08464080665,19.6479521436
SP1,all,PS,1140,additive,10,equal_frequency,2.88087315875,10.0350438889
SP1,all,PS,1140,additive,5,equal_frequency,2.14078555861,4.8087053287
SP1,all,PS,1140,additive,15,equal_frequency,4.0543820039,14.0269773089
SP1,all,PS,1140,additive,20,equal_frequency,4.28691245391,16.5676769317
SP1,all,PS,1140,additive,20,equal_width,3.26918181854,19.8612293
SP1,all,PS,1140,shin,10,equal_frequency,2.92217876022,10.1186788283
SP1,all,PS,1140,shin,5,equal_frequency,2.19445141556,5.10835070384
SP1,all,PS,1140,shin,15,equal_frequency,4.13788394988,14.31548747
SP1,all,PS,1140,shin,20,equal_frequency,4.35870563441,16.6668759665
SP1,all,PS,1140,shin,20,equal_width,3.38219658509,13.3082651353
