league,operator,method,block_size,estimate,ci_low,ci_high,p_boot,bootstrap_valid,p_holm
E0,B365,proportional,1,0.794294488816,-0.221175920494,1.82388563792,0.12343828086,2000,0.987506246877
E0,B365,power,1,0.175271881519,-0.781185787084,1.13977715272,0.731134432784,2000,1
E0,B365,additive,1,0.230022274532,-0.734016298738,1.19790457619,0.63968015992,2000,1
E0,B365,shin,1,0.369738579638,-0.607831468706,1.35313070923,0.449275362319,2000,1
E0,PS,proportional,1,0.557886117675,-0.450461253759,1.55496239925,0.268365817091,2000,1
E0,PS,power,1,0.218182939865,-0.753842218968,1.18121254441,0.668665667166,2000,1
E0,PS,additive,1,0.245190472122,-0.730361691075,1.21080395191,0.624187906047,2000,1
E0,PS,shin,1,0.322978537924,-0.660730575103,1.29645045216,0.511744127936,2000,1
SP1,B365,proportional,1,1.65996540532,0.581866043225,2.73014436238,0.00149925037481,2000,0.023988005997
SP1,B365,power,1,0.997266584781,-0.0201061558424,2.00222213222,0.0549725137431,2000,0.527736131934
SP1,B365,additive,1,1.04251105757,0.02050839275,2.05788123694,0.0439780109945,2000,0.527736131934
SP1,B365,shin,1,1.19585634036,0.160276853357,2.22412706272,0.023988005997,2000,0.335832083958
SP1,PS,proportional,1,1.37308830945,0.309738907002,2.40478241589,0.0119940029985,2000,0.179910044978
SP1,PS,power,1,1.01652238337,-0.0154041999553,2.01461736292,0.0499750124938,2000,0.527736131934
SP1,PS,additive,1,1.0367830508,0.00516626116969,2.03540788496,0.0474762618691,2000,0.527736131934
SP1,PS,shin,1,1.12063102852,0.0805870143851,2.12695291063,0.0329835082459,2000,0.428785607196
E0,B365,proportional,10,0.794294488816,-0.258190193362,1.76183421295,0.121939030485,2000,0.975512243878
E0,B365,power,10,0.175271881519,-0.817961600862,1.09271979783,0.727636181909,2000,1
E0,B365,additive,10,0.230022274532,-0.769487817043,1.15045352996,0.644677661169,2000,1
E0,B365,shin,10,0.369738579638,-0.643583312911,1.30178385711,0.453273363318,2000,1
E0,PS,proportional,10,0.557886117675,-0.456154774003,1.50006862345,0.278860569715,2000,1
E0,PS,power,10,0.218182939865,-0.759514356298,1.13123554479,0.667666166917,2000,1
E0,PS,additive,10,0.245190472122,-0.737937937972,1.15819577909,0.624687656172,2000,1
E0,PS,shin,10,0.322978537924,-0.667946343934,1.24187586719,0.51724137931,2000,1
SP1,B365,proportional,10,1.65996540532,0.554675233615,2.77769647886,0.00499750124938,2000,0.07996001999
SP1,B365,power,10,0.997266584781,-0.0445326239555,2.0571423441,0.063968015992,2000,0.653673163418
SP1,B365,additive,10,1.04251105757,-0.00277042710229,2.10215991907,0.0544727636182,2000,0.653673163418
SP1,B365,shin,10,1.19585634036,0.135539072907,2.27165463404,0.0339830084958,2000,0.475762118941
SP1,PS,proportional,10,1.37308830945,0.283164886638,2.48213283248,0.0144927536232,2000,0.217391304348
SP1,PS,power,10,1.01652238337,-0.041083934814,2.08968296199,0.0634682658671,2000,0.653673163418
SP1,PS,additive,10,1.0367830508,-0.0212822455218,2.11320302228,0.0589705147426,2000,0.653673163418
SP1,PS,shin,10,1.12063102852,0.0541651662793,2.20464365038,0.0444777611194,2000,0.578210894553
E0,B365,proportional,40,0.794294488816,-0.124475673761,1.69727598711,0.0949525237381,2000,0.759620189905
E0,B365,power,40,0.175271881519,-0.687932910659,1.03061381305,0.691154422789,2000,1
E0,B365,additive,40,0.230022274532,-0.64033129002,1.0895808933,0.6031984008,2000,1
E0,B365,shin,40,0.369738579638,-0.512493095833,1.24081593824,0.426286856572,2000,1
E0,PS,proportional,40,0.557886117675,-0.319200814692,1.42405619495,0.230884557721,2000,1
E0,PS,power,40,0.218182939865,-0.63443592167,1.05861503118,0.612193903048,2000,1
E0,PS,additive,40,0.245190472122,-0.609182582958,1.08701535039,0.576711644178,2000,1
E0,PS,shin,40,0.322978537924,-0.536947181017,1.17085407908,0.47976011994,2000,1
SP1,B365,proportional,40,1.65996540532,0.524226561784,2.81405664888,0.00499750124938,2000,0.07996001999
SP1,B365,power,40,0.997266584781,-0.0710599220863,2.08944953626,0.0724637681159,2000,0.720139930035
SP1,B365,additive,40,1.04251105757,-0.029876468321,2.14319580159,0.0594702648676,2000,0.713643178411
SP1,B365,shin,40,1.19585634036,0.10793842535,2.30972097056,0.0299850074963,2000,0.419790104948
SP1,PS,proportional,40,1.37308830945,0.266988719942,2.49806063676,0.0174912543728,2000,0.262368815592
SP1,PS,power,40,1.01652238337,-0.0579032427499,2.11107554791,0.0679660169915,2000,0.720139930035
SP1,PS,additive,40,1.0367830508,-0.042069627324,2.13180624909,0.0654672663668,2000,0.720139930035
SP1,PS,shin,40,1.12063102852,0.0350396695876,2.22312995953,0.0464767616192,2000,0.604197901049
E0,B365,proportional,20,0.794294488816,-0.235469363991,1.72084179765,0.109945027486,2000,0.87956021989
E0,B365,power,20,0.175271881519,-0.800746309235,1.0504401051,0.710144927536,2000,1
E0,B365,additive,20,0.230022274532,-0.748673134538,1.10857992466,0.624687656172,2000,1
E0,B365,shin,20,0.369738579638,-0.622088222718,1.26285950066,0.44127936032,2000,1
E0,PS,proportional,20,0.557886117675,-0.434874784814,1.47671132347,0.261369315342,2000,1
E0,PS,power,20,0.218182939865,-0.751593188571,1.09909835356,0.63968015992,2000,1
E0,PS,additive,20,0.245190472122,-0.723086604488,1.12965662298,0.60219890055,2000,1
E0,PS,shin,20,0.322978537924,-0.651522195953,1.21602133368,0.491254372814,2000,1
SP1,B365,proportional,20,1.65996540532,0.547595419623,2.82812727769,0.00649675162419,2000,0.103948025987
SP1,B365,power,20,0.997266584781,-0.0534758717411,2.10965741567,0.0684657671164,2000,0.713643178411
SP1,B365,additive,20,1.04251105757,-0.0147372334388,2.15652044966,0.0594702648676,2000,0.713643178411
SP1,B365,shin,20,1.19585634036,0.125093486493,2.32370848243,0.0384807596202,2000,0.538730634683
SP1,PS,proportional,20,1.37308830945,0.271745612831,2.52730871518,0.0204897551224,2000,0.307346326837
SP1,PS,power,20,1.01652238337,-0.0502910991105,2.13937412838,0.0659670164918,2000,0.713643178411
SP1,PS,additive,20,1.0367830508,-0.0320586214425,2.16001347421,0.0624687656172,2000,0.713643178411
SP1,PS,shin,20,1.12063102852,0.0441468471764,2.25173179965,0.0459770114943,2000,0.597701149425
