league,season,operator,matches,missing,invalid_nonmissing,margin_alert,eligible,coverage_pct
E0,2022-23,B365,380,0,0,0,380,100.0
E0,2022-23,PS,380,0,0,0,380,100.0
E0,2023-24,B365,380,0,0,0,380,100.0
E0,2023-24,PS,380,0,0,0,380,100.0
E0,2024-25,B365,380,0,0,0,380,100.0
E0,2024-25,PS,380,0,0,0,380,100.0
SP1,2022-23,B365,380,0,0,0,380,100.0
SP1,2022-23,PS,380,0,0,0,380,100.0
SP1,2023-24,B365,380,0,0,0,380,100.0
SP1,2023-24,PS,380,0,0,0,380,100.0
SP1,2024-25,B365,380,0,0,0,380,100.0
SP1,2024-25,PS,380,0,0,0,380,100.0
