league,period,matches,date_min,date_max,home_win_pct,draw_pct,away_win_pct,points_diff,goal_diff,shots_diff,cards_diff,fouls_diff,implied_B365,implied_PS,gap_B365,gap_PS,matches_B365,matches_PS
E0,pre,1048,2017-08-11,2020-03-09,46.0877862595,23.0916030534,30.820610687,0.458015267176,0.333969465649,2.72328244275,0.156488549618,0.323473282443,45.8241359497,45.0186656929,-1.03246928305,1.06912056663,288,1048
E0,closed,407,2020-06-17,2021-05-16,38.8206388206,21.8673218673,39.312039312,-0.014742014742,0.0540540540541,1.13513513514,-0.044226044226,-0.577395577396,41.777643342,41.3324547304,-2.95700452137,-2.51181590973,407,407
E0,limited,65,2020-12-05,2021-05-23,44.6153846154,21.5384615385,33.8461538462,0.323076923077,0.246153846154,2.16923076923,0.369230769231,-0.184615384615,43.0007346067,42.5549778464,1.6146500087,2.06040676901,65,65
E0,post,1520,2021-08-13,2025-05-25,44.5394736842,23.0263157895,32.4342105263,0.363157894737,0.259210526316,2.39013157895,0.232236842105,0.381578947368,44.8489653822,44.6313460194,-0.309491697993,-0.0918723351565,1520,1520
SP1,pre,1029,2017-08-18,2020-03-08,46.2585034014,26.3362487852,27.4052478134,0.565597667638,0.391642371234,3.14965986395,0.218658892128,0.10592808552,46.118184853,46.3112581694,1.83720548155,-0.0077562238897,269,1028
SP1,closed,471,2020-03-10,2021-05-13,40.9766454352,28.8747346072,30.1486199575,0.324840764331,0.203821656051,1.33545647558,0.0169851380042,-0.157112526539,42.6536390974,42.1962381544,-1.67699366213,-1.21959271918,471,471
SP1,limited,20,2021-05-16,2021-05-23,50,15,35,0.45,0.55,2.3,0.3,-0.3,46.2067443418,46.176790854,3.79325565825,3.82320914599,20,20
SP1,partial,68,2021-08-13,2021-09-27,35.2941176471,33.8235294118,30.8823529412,0.132352941176,0.294117647059,1.39705882353,-0.0441176470588,-0.544117647059,44.9179450917,44.2445655427,-9.6238274446,-8.95044789563,68,68
SP1,post,1452,2021-10-01,2025-05-25,45.3856749311,26.2396694215,28.3746556474,0.510330578512,0.338842975207,2.96418732782,0.176997245179,-0.13085399449,45.2757211464,44.965410186,0.1099537847,0.420264745165,1452,1452
