league,outcome,term,estimate,ci_low,ci_high,p_boot,bootstrap_valid,p_holm
E0,points_diff,HA_with_fans,0.398517000185,0.301678042493,0.492230787765,0.000499750124938,2000,
E0,points_diff,HA_closed,0.0026964059391,-0.208524759707,0.196266014405,0.981009495252,2000,
E0,points_diff,HA_closed_minus_with_fans,-0.395820594246,-0.617584755847,-0.190741526988,0.000499750124938,2000,0.00299850074963
E0,goal_diff,HA_with_fans,0.28802692029,0.223793349232,0.353952694779,0.000499750124938,2000,
E0,goal_diff,HA_closed,0.0653627880149,-0.0841406672738,0.193619513515,0.383308345827,2000,
E0,goal_diff,HA_closed_minus_with_fans,-0.222664132276,-0.389248117386,-0.0819764389507,0.007996001999,2000,0.031984007996
SP1,points_diff,HA_with_fans,0.533371216801,0.444203491119,0.626946089819,0.000499750124938,2000,
SP1,points_diff,HA_closed,0.32288807343,0.160569190595,0.471298843615,0.000499750124938,2000,
SP1,points_diff,HA_closed_minus_with_fans,-0.210483143372,-0.402268543088,-0.0314053195474,0.0254872563718,2000,0.0764617691154
SP1,goal_diff,HA_with_fans,0.36037702948,0.304863168353,0.416290225556,0.000499750124938,2000,
SP1,goal_diff,HA_closed,0.201068601289,0.099972610757,0.288851979363,0.000499750124938,2000,
SP1,goal_diff,HA_closed_minus_with_fans,-0.15930842819,-0.276658892361,-0.0521065493306,0.00449775112444,2000,0.0224887556222
E0−SP1,points_diff,difference_between_leagues,-0.185337450874,-0.46982336617,0.106735359368,0.213893053473,2000,0.427786106947
E0−SP1,goal_diff,difference_between_leagues,-0.0633557040853,-0.255802220513,0.124698295308,0.52123938031,2000,0.52123938031
