league,season,period,matches,points_diff,ci_low,ci_high,bootstrap_valid,home_win_pct,cards_diff,implied_PS_pct,implied_B365_pct
E0,2017-18,pre,380,0.513157894737,0.268223684211,0.75,2000,45.5263157895,0.0868421052632,44.9608918532,
E0,2018-19,pre,380,0.418421052632,0.173684210526,0.655263157895,2000,47.6315789474,0.157894736842,44.8150979689,
E0,2019-20,closed,92,0.45652173913,0.101528202278,0.80557628524,1999,46.7391304348,-0.0326086956522,41.3000246715,41.6051509921
E0,2019-20,pre,288,0.4375,0.16461797114,0.698492653389,2000,44.7916666667,0.246527777778,45.3634913673,45.8241359497
E0,2020-21,closed,315,-0.152380952381,-0.357803828293,0.0520246266859,2000,36.5079365079,-0.047619047619,41.3419263666,41.8280220601
E0,2020-21,limited,65,0.323076923077,0.0444607946185,0.75,1996,44.6153846154,0.369230769231,42.5549778464,43.0007346067
E0,2021-22,post,380,0.268421052632,-0.00789473684211,0.552631578947,2000,42.8947368421,0.0921052631579,43.6722987403,44.1104331479
E0,2022-23,post,380,0.592105263158,0.284210526316,0.892302631579,2000,48.4210526316,0.244736842105,43.9850669164,44.2628533345
E0,2023-24,post,380,0.410526315789,0.165789473684,0.639473684211,2000,46.0526315789,0.352631578947,45.5934739697,45.5976895113
E0,2024-25,post,380,0.181578947368,-0.0868421052632,0.481578947368,2000,40.7894736842,0.239473684211,45.2745444511,45.4248855351
SP1,2017-18,pre,380,0.505263157895,0.299802631579,0.710526315789,2000,47.1052631579,0.336842105263,47.2334243939,
SP1,2018-19,pre,380,0.521052631579,0.260526315789,0.781578947368,2000,44.2105263158,0.113157894737,45.8493910047,
SP1,2019-20,closed,111,0.243243243243,-0.205670595731,0.666666666667,1999,40.5405405405,-0.36036036036,43.5049307252,43.9282979913
SP1,2019-20,pre,269,0.71375464684,0.449956896552,0.963215800636,2000,47.9553903346,0.200743494424,45.6644497066,46.118184853
SP1,2020-21,closed,360,0.35,0.151313684269,0.550568617021,2000,41.1111111111,0.133333333333,41.7927246118,42.2606192717
SP1,2020-21,limited,20,0.45,0,1.47980769231,1768,50,0.3,46.176790854,46.2067443418
SP1,2021-22,partial,68,0.132352941176,-0.53197640118,1,1984,35.2941176471,-0.0441176470588,44.2445655427,44.9179450917
SP1,2021-22,post,312,0.557692307692,0.273606811146,0.819309886605,2000,45.1923076923,0.189102564103,44.7804320277,45.2531190084
SP1,2022-23,post,380,0.576315789474,0.371052631579,0.781578947368,2000,47.8947368421,0.234210526316,44.4240772906,44.8085902074
SP1,2023-24,post,380,0.481578947368,0.197368421053,0.757894736842,2000,43.9473684211,0.121052631579,45.544476339,45.7143838754
SP1,2024-25,post,380,0.434210526316,0.173684210526,0.686842105263,2000,44.4736842105,0.165789473684,45.0795537319,45.3227469013
