league,season,operator,matches,odds_available,note
E0,2017-18,B365,380,0,sin columnas de cierre en el archivo
E0,2017-18,PS,380,380,completas
E0,2018-19,B365,380,0,sin columnas de cierre en el archivo
E0,2018-19,PS,380,380,completas
E0,2019-20,B365,380,380,completas
E0,2019-20,PS,380,380,completas
E0,2020-21,B365,380,380,completas
E0,2020-21,PS,380,380,completas
E0,2021-22,B365,380,380,completas
E0,2021-22,PS,380,380,completas
E0,2022-23,B365,380,380,completas
E0,2022-23,PS,380,380,completas
E0,2023-24,B365,380,380,completas
E0,2023-24,PS,380,380,completas
E0,2024-25,B365,380,380,completas
E0,2024-25,PS,380,380,completas
SP1,2017-18,B365,380,0,sin columnas de cierre en el archivo
SP1,2017-18,PS,380,379,1 partido(s) sin cuota de cierre válida
SP1,2018-19,B365,380,0,sin columnas de cierre en el archivo
SP1,2018-19,PS,380,380,completas
SP1,2019-20,B365,380,380,completas
SP1,2019-20,PS,380,380,completas
SP1,2020-21,B365,380,380,completas
SP1,2020-21,PS,380,380,completas
SP1,2021-22,B365,380,380,completas
SP1,2021-22,PS,380,380,completas
SP1,2022-23,B365,380,380,completas
SP1,2022-23,PS,380,380,completas
SP1,2023-24,B365,380,380,completas
SP1,2023-24,PS,380,380,completas
SP1,2024-25,B365,380,380,completas
SP1,2024-25,PS,380,380,completas
