check,league,measure,estimate,ci_low,ci_high,p_boot,bootstrap_valid
bloque 1,E0,points_diff,-0.416611173621,-0.685957454532,-0.129364413143,0.00249875062469,2000
bloque 1,E0,cards_diff,-0.245550031765,-0.396103048053,-0.0857921474189,0.00349825087456,2000
bloque 1,E0,gap_B365,-2.53234825231,-7.2825242011,2.37078249972,0.295852073963,2000
bloque 1,E0,gap_PS,-2.89374441611,-7.38772794259,1.87024141882,0.215392303848,2000
bloque 1,SP1,points_diff,-0.208411956346,-0.453085305805,0.035153780066,0.0919540229885,2000
bloque 1,SP1,cards_diff,-0.177291363406,-0.357450876874,-0.00833784654174,0.0504747626187,2000
bloque 1,SP1,gap_B365,-2.05692461502,-6.54909064047,2.65210800719,0.370314842579,2000
bloque 1,SP1,gap_PS,-1.46243586911,-5.73697797683,3.09961024896,0.513743128436,2000
bloque 10,E0,points_diff,-0.416611173621,-0.684279447985,-0.159707956577,0.00249875062469,2000
bloque 10,E0,cards_diff,-0.245550031765,-0.390451176699,-0.100913073174,0.00149925037481,2000
bloque 10,E0,gap_B365,-2.53234825231,-6.96335677926,1.7409525567,0.251374312844,2000
bloque 10,E0,gap_PS,-2.89374441611,-7.25940709401,1.14985208775,0.174912543728,2000
bloque 10,SP1,points_diff,-0.208411956346,-0.442345151213,0.0154600636236,0.0689655172414,2000
bloque 10,SP1,cards_diff,-0.177291363406,-0.366768619041,0.00877791247455,0.0644677661169,2000
bloque 10,SP1,gap_B365,-2.05692461502,-5.81235123672,2.00021219424,0.284357821089,2000
bloque 10,SP1,gap_PS,-1.46243586911,-5.10125951038,2.45470734103,0.422788605697,2000
bloque 40,E0,points_diff,-0.416611173621,-0.647039500399,-0.226503128886,0.000499750124938,2000
bloque 40,E0,cards_diff,-0.245550031765,-0.371983374318,-0.129004561759,0.000499750124938,2000
bloque 40,E0,gap_B365,-2.53234825231,-6.34476258637,0.724844083114,0.162418790605,2000
bloque 40,E0,gap_PS,-2.89374441611,-6.49387298619,0.231412151791,0.0889555222389,2000
bloque 40,SP1,points_diff,-0.208411956346,-0.373765270067,-0.0255217888401,0.0189905047476,2000
bloque 40,SP1,cards_diff,-0.177291363406,-0.367360502417,0.0374888614472,0.0829585207396,2000
bloque 40,SP1,gap_B365,-2.05692461502,-5.17331825937,1.33039756949,0.205897051474,2000
bloque 40,SP1,gap_PS,-1.46243586911,-4.3016862452,1.66669039831,0.325837081459,2000
método power,E0,gap_B365,-2.53234825231,-6.54568970002,1.24732197784,0.194902548726,2000
método proportional,E0,gap_B365,-2.71374430164,-6.75593308363,1.12679581549,0.167916041979,2000
método power,E0,gap_PS,-2.89374441611,-6.56500775535,0.713152498197,0.120939530235,2000
método proportional,E0,gap_PS,-2.9986324554,-6.67711201211,0.636291877224,0.109445277361,2000
método power,SP1,gap_B365,-2.05692461502,-5.8089457101,1.49216772838,0.258870564718,2000
método proportional,SP1,gap_B365,-2.18743663048,-5.9253202163,1.39572902247,0.233883058471,2000
método power,SP1,gap_PS,-1.46243586911,-4.83246438411,1.79237171584,0.400299850075,2000
método proportional,SP1,gap_PS,-1.56156935779,-4.92463974442,1.70062942749,0.367316341829,2000
solo temporadas desde 2019/20,E0,points_diff,-0.389742014742,-0.631295383326,-0.158465186945,0.000999500249875,2000
solo temporadas desde 2019/20,E0,home_win,-5.75900719706,-10.0749805373,-1.80974483533,0.00649675162419,2000
solo temporadas desde 2019/20,E0,cards_diff,-0.278739318562,-0.421248337248,-0.141194992313,0.000499750124938,2000
solo temporadas desde 2019/20,SP1,points_diff,-0.217285906209,-0.429307098714,-0.000756658842156,0.0474762618691,2000
solo temporadas desde 2019/20,SP1,home_win,-4.81068751072,-8.52430203369,-1.01050465026,0.0164917541229,2000
solo temporadas desde 2019/20,SP1,cards_diff,-0.163723752176,-0.361421876175,0.04211660903,0.107446276862,2000
