league,season,operator,matches,method,outcome,bin,n,predicted,observed,prob_min,prob_max,wilson_low,wilson_high,observed_block_low,observed_block_high,gap_pp,gap_ci_low,gap_ci_high
E0,all,B365,1140,proportional,H,0,115,0.136969666659,0.130434782609,0.0566414523449,0.189505347594,0.0806638469277,0.204097541535,0.0789302059497,0.180974025974,-0.653488405073,-5.70490898737,4.34731386345
E0,all,B365,1140,proportional,H,1,113,0.22445782117,0.212389380531,0.190040068689,0.261194029851,0.147084539674,0.296606076173,0.131129722024,0.304008695652,-1.20684406395,-9.18421501147,7.94518532098
E0,all,B365,1140,proportional,H,2,115,0.29125174964,0.260869565217,0.262612374405,0.318181818182,0.18927463646,0.347923909015,0.186254743833,0.336540841584,-3.03821844227,-10.5228033996,4.56471613459
E0,all,B365,1140,proportional,H,3,113,0.347341919308,0.353982300885,0.318725099602,0.3745376679,0.271941524056,0.445624480913,0.282051282051,0.425742574257,0.664038157649,-6.44088710722,7.8257207186
E0,all,B365,1140,proportional,H,4,114,0.404457708628,0.394736842105,0.37564499484,0.430888030888,0.309849494002,0.486487039505,0.307675438596,0.482142857143,-0.972086652304,-9.69367824389,7.71282569548
E0,all,B365,1140,proportional,H,5,114,0.463070636416,0.421052631579,0.431034482759,0.494976203067,0.334446155576,0.512806244554,0.333333333333,0.504761904762,-4.20180048371,-13.021523578,4.23392694946
E0,all,B365,1140,proportional,H,6,114,0.526481834673,0.640350877193,0.495332041571,0.557620817844,0.549009128036,0.722542160621,0.556519985975,0.719298245614,11.386904252,3.06766863259,19.2687849765
E0,all,B365,1140,proportional,H,7,114,0.590524484816,0.622807017544,0.558391831525,0.623916811092,0.531202185855,0.70640519172,0.531234056122,0.709677419355,3.22825327282,-5.984284817,11.8923842614
E0,all,B365,1140,proportional,H,8,114,0.669709313049,0.684210526316,0.62441314554,0.722302679218,0.594065705891,0.762345360471,0.605263157895,0.766355140187,1.45012132671,-6.38715502822,9.59844771703
E0,all,B365,1140,proportional,H,9,114,0.787379836925,0.789473684211,0.724213606437,0.891038696538,0.705827530551,0.854247002305,0.716639908257,0.860875603865,0.209384728508,-6.92892683399,7.05129667765
E0,all,B365,1140,proportional,D,0,115,0.130293923782,0.130434782609,0.0632584479432,0.158446509411,0.0806638469277,0.204097541535,0.0695652173913,0.201680672269,0.014085882661,-6.04534236728,7.03557826335
E0,all,B365,1140,proportional,D,1,115,0.177550323205,0.147826086957,0.15873015873,0.190909090909,0.0943901844581,0.224029491606,0.0925925925926,0.205882352941,-2.97242362483,-8.32960526164,2.86464821934
E0,all,B365,1140,proportional,D,2,113,0.20830008009,0.247787610619,0.19187554019,0.219537204472,0.177360187137,0.334799275991,0.169811320755,0.327111074353,3.94875305293,-3.74911974074,11.8904675226
E0,all,B365,1140,proportional,D,3,113,0.226843543039,0.256637168142,0.219644063978,0.235668789809,0.185037994979,0.344238679969,0.174311926606,0.345463041631,2.97936251022,-5.27737972851,11.8484477246
E0,all,B365,1140,proportional,D,4,115,0.239310616234,0.2,0.235747303544,0.247464954385,0.137130651308,0.282263887562,0.133333333333,0.270842161017,-3.93106162339,-10.6196615385,3.16422939247
E0,all,B365,1140,proportional,D,5,113,0.250966642057,0.212389380531,0.247524752475,0.253819036428,0.147084539674,0.296606076173,0.148430266204,0.280009345794,-3.85772615261,-10.2744107997,2.9072052272
E0,all,B365,1140,proportional,D,6,115,0.259673803855,0.295652173913,0.253835425384,0.263522884882,0.21994782437,0.38456729631,0.215819585711,0.387931034483,3.59783700578,-4.38328350854,12.8446937607
E0,all,B365,1140,proportional,D,7,113,0.268824408005,0.230088495575,0.263607257204,0.272504091653,0.162131991093,0.315793048395,0.161889400922,0.3,-3.87359124296,-10.7188792397,3.11828031551
E0,all,B365,1140,proportional,D,8,114,0.278755913467,0.298245614035,0.272565320665,0.285714285714,0.221961354803,0.387683667752,0.222222222222,0.388888888889,1.94897005677,-5.64984349607,10.9804658475
E0,all,B365,1140,proportional,D,9,114,0.294789825957,0.280701754386,0.285771543086,0.318181818182,0.206407205449,0.369293906024,0.201752543123,0.359227093447,-1.40880715715,-9.30645386266,6.45729642891
E0,all,B365,1140,proportional,A,0,114,0.0786117725063,0.0789473684211,0.040963471048,0.106193816062,0.0420886145742,0.143257519454,0.0277777777778,0.134453781513,0.0335595914782,-5.00702696115,5.51344956832
E0,all,B365,1140,proportional,A,1,114,0.136818144196,0.0964912280702,0.106822090579,0.159896283492,0.0547361490452,0.164553896065,0.042735042735,0.158444807247,-4.03269161255,-9.50077764734,2.13886423729
E0,all,B365,1140,proportional,A,2,115,0.180122137736,0.173913043478,0.16,0.198842875406,0.115496775173,0.253410332294,0.107142857143,0.25,-0.620909425732,-7.26183499025,7.07373336761
E0,all,B365,1140,proportional,A,3,113,0.223064438554,0.176991150442,0.199032480995,0.249733191035,0.117597358607,0.25762440996,0.104347826087,0.258071236559,-4.60732881118,-11.9005691017,3.47211235523
E0,all,B365,1140,proportional,A,4,114,0.271082624977,0.228070175439,0.249746878164,0.295727760311,0.160660922365,0.313208455862,0.1545436068,0.30477443609,-4.30124495381,-11.6285905226,3.29821591395
E0,all,B365,1140,proportional,A,5,114,0.32011860733,0.377192982456,0.2960979342,0.349127182045,0.29359480828,0.468797814145,0.292026179941,0.465674300254,5.70743751259,-2.81435994067,14.5295569224
E0,all,B365,1140,proportional,A,6,115,0.375717888176,0.347826086957,0.349139639997,0.41002004008,0.266973641645,0.438516341839,0.270672069518,0.428599330357,-2.78918012196,-10.3905093512,5.26626290487
E0,all,B365,1140,proportional,A,7,113,0.442215672668,0.469026548673,0.410717778212,0.483021608861,0.379552455189,0.560537303441,0.370681673052,0.563027249735,2.68108760049,-7.13949616667,12.1822892405
E0,all,B365,1140,proportional,A,8,114,0.529867952979,0.570175438596,0.483396842678,0.578368999422,0.478476792407,0.657298851921,0.457142857143,0.66964935853,4.03074856176,-7.1815721445,13.8771532875
E0,all,B365,1140,proportional,A,9,114,0.668945345125,0.675438596491,0.580431177446,0.822995461422,0.584990573178,0.754448537643,0.595238095238,0.752138643068,0.649325136625,-6.92011410719,7.95739979227
E0,all,B365,1140,power,H,0,115,0.126973535176,0.130434782609,0.0477809773687,0.181683258741,0.0806638469277,0.204097541535,0.0789302059497,0.180974025974,0.346124743247,-4.6703146201,5.35237638779
E0,all,B365,1140,power,H,1,113,0.218698719221,0.212389380531,0.182878472076,0.256603466464,0.147084539674,0.296606076173,0.131129722024,0.304008695652,-0.630933868969,-8.60296933098,8.52500840857
E0,all,B365,1140,power,H,2,115,0.288835131943,0.260869565217,0.258188455886,0.317354627782,0.18927463646,0.347923909015,0.186254743833,0.336540841584,-2.79655667257,-10.2746964314,4.81184030052
E0,all,B365,1140,power,H,3,113,0.347907266447,0.353982300885,0.318034902326,0.376243139492,0.271941524056,0.445624480913,0.282051282051,0.425742574257,0.607503443833,-6.49176419044,7.75220085611
E0,all,B365,1140,power,H,4,114,0.408271473263,0.394736842105,0.377561102152,0.436180269674,0.309849494002,0.486487039505,0.307675438596,0.482142857143,-1.35346311576,-10.0699248284,7.35168281359
E0,all,B365,1140,power,H,5,114,0.47014764928,0.421052631579,0.436264286499,0.504570372713,0.334446155576,0.512806244554,0.333333333333,0.504761904762,-4.90950177015,-13.7151563991,3.51721811464
E0,all,B365,1140,power,H,6,114,0.537417143746,0.631578947368,0.504825545618,0.570508532107,0.540090742163,0.714488590953,0.549003795066,0.710526315789,9.41618036221,1.07859272058,17.3320117547
E0,all,B365,1140,power,H,7,115,0.605595375012,0.64347826087,0.570548303685,0.639351941092,0.552601580362,0.725079292352,0.553571428571,0.730779569892,3.78828858578,-5.19309129209,12.5466729074
E0,all,B365,1140,power,H,8,113,0.691345244391,0.672566371681,0.644731717155,0.750891021463,0.581613818796,0.752171811695,0.588235294118,0.757281553398,-1.87788727093,-10.3483575691,6.62945720935
E0,all,B365,1140,power,H,9,114,0.816397716219,0.789473684211,0.751751164411,0.925207385756,0.705827530551,0.854247002305,0.716639908257,0.860875603865,-2.69240320081,-9.7803409574,4.13898090235
E0,all,B365,1140,power,D,0,114,0.113417260193,0.122807017544,0.0429708778783,0.145649927134,0.0745812077859,0.195624703948,0.0613901601831,0.193556616195,0.938975735068,-5.11096422689,7.85830738303
E0,all,B365,1140,power,D,1,114,0.165431516398,0.157894736842,0.146445472158,0.182136648964,0.102272611876,0.235821122023,0.0990968691464,0.221238938053,-0.753677955541,-6.61979313561,5.57049870683
E0,all,B365,1140,power,D,2,114,0.198996764767,0.245614035088,0.182248056811,0.211507094697,0.175747336656,0.332065952653,0.169995283019,0.326927570093,4.66172703203,-2.96532035896,12.7313284882
E0,all,B365,1140,power,D,3,115,0.220048090421,0.24347826087,0.211635588959,0.229050871689,0.174163631006,0.329376626868,0.165135387904,0.329899484536,2.34301704489,-5.48099771807,10.9458729418
E0,all,B365,1140,power,D,4,113,0.233636054731,0.212389380531,0.229196599779,0.241075745486,0.147084539674,0.296606076173,0.141585706041,0.287041962175,-2.12466741999,-9.23475938545,5.35028516634
E0,all,B365,1140,power,D,5,114,0.246223725711,0.210526315789,0.241345970754,0.249572938024,0.145752997695,0.294172469449,0.145295698925,0.280701754386,-3.56974099213,-10.0722875913,3.42889513492
E0,all,B365,1140,power,D,6,115,0.255512221322,0.286956521739,0.249605445882,0.259863231724,0.212225806013,0.375460170866,0.20719944082,0.378163498409,3.14443004172,-4.83862585959,12.2671922027
E0,all,B365,1140,power,D,7,113,0.265399147232,0.238938053097,0.26007961025,0.269235645943,0.169724348446,0.325317902862,0.170726980526,0.309090909091,-2.64610941343,-9.46101326498,4.34856485746
E0,all,B365,1140,power,D,8,114,0.275913254787,0.298245614035,0.269833623022,0.282842692088,0.221961354803,0.387683667752,0.222222222222,0.388888888889,2.23323592482,-5.36701486723,11.2585092914
E0,all,B365,1140,power,D,9,114,0.292712301367,0.280701754386,0.283044169267,0.317520032644,0.206407205449,0.369293906024,0.201752543123,0.359227093447,-1.20105469812,-9.105049364,6.66049737189
E0,all,B365,1140,power,A,0,114,0.0658465458954,0.0789473684211,0.0243648740986,0.0960615222132,0.0420886145742,0.143257519454,0.0277777777778,0.134453781513,1.31008225257,-3.72603276633,6.82201722027
E0,all,B365,1140,power,A,1,114,0.126273421939,0.0964912280702,0.0979245502024,0.152555509986,0.0547361490452,0.164553896065,0.042735042735,0.158444807247,-2.97821938684,-8.44748645554,3.20999305656
E0,all,B365,1140,power,A,2,114,0.172067358639,0.157894736842,0.153583444035,0.19094011144,0.102272611876,0.235821122023,0.0952193475816,0.232147366522,-1.41726217967,-7.75212187033,6.07581866037
E0,all,B365,1140,power,A,3,115,0.217195257457,0.2,0.191250532516,0.244955039331,0.137130651308,0.282263887562,0.121725955204,0.283606358452,-1.7195257457,-9.51987306877,6.69399399333
E0,all,B365,1140,power,A,4,113,0.267817934323,0.221238938053,0.24512732645,0.293143539004,0.154584777455,0.306223050212,0.147274375933,0.297559280142,-4.657899627,-11.992065832,2.90752442873
E0,all,B365,1140,power,A,5,114,0.319229982975,0.377192982456,0.293821531884,0.349733177664,0.29359480828,0.468797814145,0.292449201742,0.464653110048,5.79629994808,-2.7297567954,14.5989317713
E0,all,B365,1140,power,A,6,115,0.377791168315,0.347826086957,0.350027762333,0.414572291713,0.266973641645,0.438516341839,0.269565217391,0.429906542056,-2.99650813589,-10.7257413304,5.22791233263
E0,all,B365,1140,power,A,7,113,0.44816110703,0.469026548673,0.415055874624,0.492476162451,0.379552455189,0.560537303441,0.370681673052,0.563027249735,2.08654416428,-7.76129579299,11.5929053866
E0,all,B365,1140,power,A,8,114,0.540678603212,0.561403508772,0.492754202424,0.591976419259,0.469787498534,0.649016190253,0.447612781955,0.663718721392,2.07249055596,-9.28699820241,12.2124894145
E0,all,B365,1140,power,A,9,114,0.689401262744,0.684210526316,0.593914850536,0.844909792136,0.594065705891,0.762345360471,0.609081027668,0.7586283867,-0.519073642853,-7.89575332881,6.74692406468
E0,all,B365,1140,additive,H,0,115,0.12621384235,0.130434782609,0.0459820680409,0.181540270429,0.0806638469277,0.204097541535,0.0789302059497,0.180974025974,0.422094025852,-4.59185032977,5.42555988387
E0,all,B365,1140,additive,H,1,113,0.218651824262,0.212389380531,0.182530120482,0.256613756614,0.147084539674,0.296606076173,0.131129722024,0.304008695652,-0.626244373113,-8.5964180373,8.53347811953
E0,all,B365,1140,additive,H,2,115,0.288995238282,0.260869565217,0.25852836324,0.31746031746,0.18927463646,0.347923909015,0.186254743833,0.336540841584,-2.81256730643,-10.2901942274,4.79502031732
E0,all,B365,1140,additive,H,3,113,0.348091081255,0.353982300885,0.318055555556,0.376476023535,0.271941524056,0.445624480913,0.282051282051,0.425742574257,0.589121963013,-6.51046309159,7.73395144796
E0,all,B365,1140,additive,H,4,114,0.408398096044,0.394736842105,0.377684407096,0.436244162051,0.309849494002,0.486487039505,0.307675438596,0.482142857143,-1.36612539385,-10.082747776,7.33866076934
E0,all,B365,1140,additive,H,5,114,0.470080015419,0.421052631579,0.436363636364,0.504310794887,0.334446155576,0.512806244554,0.333333333333,0.504761904762,-4.90273838405,-13.7081416709,3.52400090316
E0,all,B365,1140,additive,H,6,114,0.536993100339,0.631578947368,0.504564084614,0.569844672012,0.540090742163,0.714488590953,0.549003795066,0.710526315789,9.45858470299,1.11986977869,17.3750340009
E0,all,B365,1140,additive,H,7,115,0.60466162182,0.64347826087,0.569934640523,0.638281681625,0.552601580362,0.725079292352,0.553571428571,0.730779569892,3.88166390491,-5.09944316366,12.6415515773
E0,all,B365,1140,additive,H,8,113,0.689300747682,0.672566371681,0.642857142857,0.747574063364,0.581613818796,0.752171811695,0.588235294118,0.757281553398,-1.67343760005,-10.129522856,6.83142314213
E0,all,B365,1140,additive,H,9,114,0.812163006262,0.789473684211,0.748510748511,0.91829105474,0.705827530551,0.854247002305,0.716639908257,0.860875603865,-2.26893220515,-9.35986040978,4.56003445226
E0,all,B365,1140,additive,D,0,115,0.119099866194,0.130434782609,0.0487074383779,0.149373433584,0.0806638469277,0.204097541535,0.0695652173913,0.201680672269,1.13349164151,-4.93362866588,8.15986033363
E0,all,B365,1140,additive,D,1,115,0.169024888781,0.147826086957,0.15,0.184126984127,0.0943901844581,0.224029491606,0.0925925925926,0.205882352941,-2.11988018246,-7.48376849104,3.7096924182
E0,all,B365,1140,additive,D,2,113,0.201197405865,0.247787610619,0.184141726866,0.213623049001,0.177360187137,0.334799275991,0.169811320755,0.327111074353,4.65902047546,-3.0381625407,12.6085404142
E0,all,B365,1140,additive,D,3,113,0.22114475517,0.256637168142,0.213793647974,0.22972972973,0.185037994979,0.344238679969,0.174311926606,0.345463041631,3.54924129714,-4.69993313054,12.4167668491
E0,all,B365,1140,additive,D,4,114,0.234145340097,0.201754385965,0.229847494553,0.242106025016,0.138370642151,0.284582869452,0.135914102353,0.271866725508,-3.23909541317,-9.84011277067,3.77030743789
E0,all,B365,1140,additive,D,5,114,0.246446637212,0.210526315789,0.242368742369,0.249794238683,0.145752997695,0.294172469449,0.146541777188,0.279279279279,-3.59203214221,-10.0003113636,3.28750244604
E0,all,B365,1140,additive,D,6,115,0.255663365455,0.295652173913,0.249816849817,0.259746588694,0.21994782437,0.38456729631,0.215517241379,0.388349514563,3.9988808458,-3.9701282344,13.2464581172
E0,all,B365,1140,additive,D,7,113,0.265383944593,0.230088495575,0.259859049333,0.269555269555,0.162131991093,0.315793048395,0.161889400922,0.3,-3.52954490177,-10.3694756904,3.46788393136
E0,all,B365,1140,additive,D,8,114,0.275860946154,0.298245614035,0.269633779438,0.282828282828,0.221961354803,0.387683667752,0.222222222222,0.388888888889,2.23846678806,-5.3651597068,11.263924542
E0,all,B365,1140,additive,D,9,114,0.292674334672,0.280701754386,0.282899117401,0.31746031746,0.206407205449,0.369293906024,0.201752543123,0.359227093447,-1.19725802864,-9.09948772156,6.6662955856
E0,all,B365,1140,additive,A,0,114,0.0646664041697,0.0789473684211,0.0230145830512,0.0956761412575,0.0420886145742,0.143257519454,0.0277777777778,0.134453781513,1.42809642514,-3.60261278856,6.93250148462
E0,all,B365,1140,additive,A,1,114,0.125618322672,0.0964912280702,0.0976460759742,0.152552552553,0.0547361490452,0.164553896065,0.042735042735,0.158444807247,-2.91270946017,-8.38477886932,3.27756301208
E0,all,B365,1140,additive,A,2,115,0.171899041076,0.173913043478,0.152777777778,0.190940599582,0.115496775173,0.253410332294,0.107142857143,0.25,0.201400240234,-6.44974711646,7.91183004197
E0,all,B365,1140,additive,A,3,113,0.217091351833,0.176991150442,0.191276803119,0.245239166292,0.117597358607,0.25762440996,0.104347826087,0.258071236559,-4.01002013908,-11.2995025694,4.07164919675
E0,all,B365,1140,additive,A,4,114,0.267708614868,0.228070175439,0.245258416311,0.29359495518,0.160660922365,0.313208455862,0.1545436068,0.30477443609,-3.96384394294,-11.296339082,3.62908510618
E0,all,B365,1140,additive,A,5,114,0.319401851373,0.377192982456,0.294035314384,0.350088183422,0.29359480828,0.468797814145,0.292026179941,0.465674300254,5.77911310831,-2.74077939649,14.6026739487
E0,all,B365,1140,additive,A,6,115,0.377964757568,0.347826086957,0.350100801081,0.414651423067,0.266973641645,0.438516341839,0.270672069518,0.428599330357,-3.01386706119,-10.6143261948,5.03684079855
E0,all,B365,1140,additive,A,7,113,0.448174070591,0.469026548673,0.415251897861,0.49225628173,0.379552455189,0.560537303441,0.370681673052,0.563027249735,2.08524780816,-7.76061956253,11.5912176797
E0,all,B365,1140,additive,A,8,114,0.540240303737,0.561403508772,0.492530992531,0.591341991342,0.469787498534,0.649016190253,0.447612781955,0.663718721392,2.11632050348,-9.24161479608,12.2574258959
E0,all,B365,1140,additive,A,9,114,0.687391825605,0.684210526316,0.593434343434,0.84185939333,0.594065705891,0.762345360471,0.609081027668,0.7586283867,-0.318129928948,-7.69100595455,6.95169210807
E0,all,B365,1140,shin,H,0,115,0.129078480295,0.130434782609,0.0489093026479,0.183613991573,0.0806638469277,0.204097541535,0.0789302059497,0.180974025974,0.135630231418,-4.88914187888,5.13834179227
E0,all,B365,1140,shin,H,1,113,0.220155900797,0.212389380531,0.184487480775,0.257803513562,0.147084539674,0.296606076173,0.131129722024,0.304008695652,-0.776652026564,-8.74875023773,8.38095150553
E0,all,B365,1140,shin,H,2,115,0.289572490355,0.260869565217,0.259573960102,0.317642684289,0.18927463646,0.347923909015,0.186254743833,0.336540841584,-2.87029251372,-10.3497196879,4.73548918742
E0,all,B365,1140,shin,H,3,113,0.347891839126,0.353982300885,0.318226798833,0.375971548087,0.271941524056,0.445624480913,0.282051282051,0.425742574257,0.60904617592,-6.49191309198,7.75822929512
E0,all,B365,1140,shin,H,4,114,0.407375934405,0.394736842105,0.37720833171,0.434859100604,0.309849494002,0.486487039505,0.307675438596,0.482142857143,-1.26390922993,-9.98179131452,7.43573575819
E0,all,B365,1140,shin,H,5,114,0.468271089561,0.421052631579,0.43498454864,0.501902085027,0.334446155576,0.512806244554,0.333333333333,0.504761904762,-4.72184579822,-13.527633642,3.7073406278
E0,all,B365,1140,shin,H,6,114,0.534288710225,0.631578947368,0.502183126791,0.56666370484,0.540090742163,0.714488590953,0.549003795066,0.710526315789,9.72902371431,1.38727832221,17.6462892389
E0,all,B365,1140,shin,H,7,115,0.601109440362,0.64347826087,0.56676550304,0.634858926429,0.552601580362,0.725079292352,0.553571428571,0.730779569892,4.23688205077,-4.74377338771,12.9980627883
E0,all,B365,1140,shin,H,8,113,0.684361703546,0.672566371681,0.637512707517,0.741051881145,0.581613818796,0.752171811695,0.588235294118,0.757281553398,-1.17953318648,-9.61384050783,7.32035232441
E0,all,B365,1140,shin,H,9,114,0.80580760475,0.789473684211,0.742256304755,0.911343428896,0.705827530551,0.854247002305,0.716639908257,0.860875603865,-1.63339205399,-8.73162958582,5.19425757102
E0,all,B365,1140,shin,D,0,115,0.121707238514,0.130434782609,0.0522063632927,0.151638495696,0.0806638469277,0.204097541535,0.0695652173913,0.201680672269,0.872754409511,-5.19130663114,7.89849377432
E0,all,B365,1140,shin,D,1,115,0.171097475672,0.147826086957,0.152013773843,0.185787644468,0.0943901844581,0.224029491606,0.0925925925926,0.205882352941,-2.32713887158,-7.68946209493,3.50369496898
E0,all,B365,1140,shin,D,2,113,0.202967183062,0.247787610619,0.186745653165,0.215135714769,0.177360187137,0.334799275991,0.169811320755,0.327111074353,4.48204275576,-3.21512528124,12.4319829009
E0,all,B365,1140,shin,D,3,113,0.222578048563,0.256637168142,0.21522539572,0.231273460686,0.185037994979,0.344238679969,0.174311926606,0.345463041631,3.40591195791,-4.84517465284,12.2739149527
E0,all,B365,1140,shin,D,4,114,0.235446636953,0.201754385965,0.231349981134,0.243398799834,0.138370642151,0.284582869452,0.135122141372,0.271848543689,-3.3692250988,-10.0861138912,3.63925887748
E0,all,B365,1140,shin,D,5,114,0.247596373009,0.210526315789,0.243540372355,0.250766368241,0.145752997695,0.294172469449,0.146336772983,0.279286544609,-3.707005722,-10.1225684358,3.15710649148
E0,all,B365,1140,shin,D,6,115,0.256692954179,0.295652173913,0.250860399893,0.26070929763,0.21994782437,0.38456729631,0.215517241379,0.388349514563,3.89592197335,-4.07187567894,13.1435327076
E0,all,B365,1140,shin,D,7,113,0.266271840213,0.230088495575,0.260819884099,0.270292068572,0.162131991093,0.315793048395,0.161889400922,0.3,-3.61833446378,-10.4597775987,3.37773092368
E0,all,B365,1140,shin,D,8,114,0.276609532899,0.298245614035,0.270397246392,0.283576574405,0.221961354803,0.387683667752,0.222222222222,0.388888888889,2.16360811356,-5.43937087137,11.1906838399
E0,all,B365,1140,shin,D,9,114,0.293221628889,0.280701754386,0.283648221581,0.317647291631,0.206407205449,0.369293906024,0.201752543123,0.359227093447,-1.25198745029,-9.15304582531,6.61220619187
E0,all,B365,1140,shin,A,0,114,0.0685109124375,0.0789473684211,0.0284243459174,0.0984448555377,0.0420886145742,0.143257519454,0.0277777777778,0.134453781513,1.04364559835,-3.99101606229,6.54231960625
E0,all,B365,1140,shin,A,1,114,0.128587552519,0.0964912280702,0.100099078312,0.154447325689,0.0547361490452,0.164553896065,0.042735042735,0.158444807247,-3.20963244491,-8.68017721596,2.97527458148
E0,all,B365,1140,shin,A,2,115,0.17404724457,0.173913043478,0.154661595503,0.192990001804,0.115496775173,0.253410332294,0.107142857143,0.25,-0.0134201091383,-6.66175734369,7.69221086418
E0,all,B365,1140,shin,A,3,113,0.218641005084,0.176991150442,0.193280302723,0.246401244984,0.117597358607,0.25762440996,0.104347826087,0.258071236559,-4.16498546411,-11.4553901494,3.91373696468
E0,all,B365,1140,shin,A,4,114,0.26857713658,0.228070175439,0.246408159611,0.294130878706,0.160660922365,0.313208455862,0.1545436068,0.30477443609,-4.05069611412,-11.3818808748,3.54385194627
E0,all,B365,1140,shin,A,5,114,0.319581255106,0.377192982456,0.294560955224,0.349837230735,0.29359480828,0.468797814145,0.292026179941,0.465674300254,5.76117273505,-2.75915155869,14.5843189678
E0,all,B365,1140,shin,A,6,115,0.377379569244,0.347826086957,0.349838465044,0.413449113667,0.266973641645,0.438516341839,0.270672069518,0.428599330357,-2.95534822878,-10.5584698761,5.09663885236
E0,all,B365,1140,shin,A,7,113,0.446634172138,0.469026548673,0.414071678116,0.489867008921,0.379552455189,0.560537303441,0.370681673052,0.563027249735,2.23923765349,-7.599344018,11.7440134781
E0,all,B365,1140,shin,A,8,114,0.537577860942,0.561403508772,0.490169170626,0.588552928907,0.469787498534,0.649016190253,0.447612781955,0.663718721392,2.38256478302,-8.97198341876,12.5258040672
E0,all,B365,1140,shin,A,9,114,0.682649052667,0.684210526316,0.590592404018,0.837054066605,0.594065705891,0.762345360471,0.609081027668,0.7586283867,0.156147364861,-7.21385057406,7.42723707228
E0,all,PS,1140,proportional,H,0,114,0.13273468077,0.122807017544,0.0552835207351,0.186756556422,0.0745812077859,0.195624703948,0.0719857142857,0.173553719008,-0.992766322615,-5.90712132539,3.90364241198
E0,all,PS,1140,proportional,H,1,114,0.220602976627,0.210526315789,0.187580976458,0.255872015513,0.145752997695,0.294172469449,0.127118644068,0.304008695652,-1.00766608374,-9.38887111217,8.32343669401
E0,all,PS,1140,proportional,H,2,114,0.289124190694,0.245614035088,0.256296319807,0.316614181902,0.175747336656,0.332065952653,0.17094017094,0.327276749799,-4.35101556066,-11.9851566825,3.84196606555
E0,all,PS,1140,proportional,H,3,114,0.345616021618,0.377192982456,0.317368768545,0.373716198893,0.29359480828,0.468797814145,0.298067748092,0.456165413534,3.15769608385,-4.70765238055,11.0592959625
E0,all,PS,1140,proportional,H,4,114,0.402634405944,0.385964912281,0.373912379789,0.433962264151,0.301707627569,0.477656950397,0.294629726891,0.477489069952,-1.66694936637,-10.8443444469,7.4501321624
E0,all,PS,1140,proportional,H,5,114,0.464414181242,0.421052631579,0.434341358136,0.493993721298,0.334446155576,0.512806244554,0.333258928571,0.508775845865,-4.33615496627,-13.1913555055,4.39011176799
E0,all,PS,1140,proportional,H,6,114,0.529527784593,0.657894736842,0.495172702697,0.562103218646,0.566937223335,0.738557976404,0.57139905549,0.736842105263,12.8366952249,4.118411806,20.6370946906
E0,all,PS,1140,proportional,H,7,114,0.594661335899,0.59649122807,0.56380626926,0.629553503668,0.504711580216,0.681979930736,0.503558394161,0.686278664008,0.182989217109,-9.27291826148,9.29121332066
E0,all,PS,1140,proportional,H,8,114,0.677479580667,0.710526315789,0.630187850061,0.730180806676,0.62149338762,0.785833545366,0.631060492905,0.789484741265,3.30467351229,-4.51846067137,11.1655864578
E0,all,PS,1140,proportional,H,9,114,0.800465643778,0.780701754386,0.73174058552,0.916178091602,0.696286338121,0.846816239194,0.709082082966,0.852471070395,-1.97638893918,-8.95764979919,4.81737254057
E0,all,PS,1140,proportional,D,0,114,0.124473163615,0.131578947368,0.0524945284918,0.154744651127,0.0813865098377,0.205791357437,0.0743801652893,0.198022137119,0.710578375372,-4.83989521671,7.22200186232
E0,all,PS,1140,proportional,D,1,114,0.173912828002,0.149122807018,0.155213884186,0.189995103504,0.0952378373402,0.225883941017,0.0909090909091,0.211394171145,-2.47900209844,-8.40943448721,3.77862105098
E0,all,PS,1140,proportional,D,2,114,0.205957086107,0.228070175439,0.190654221189,0.218759356927,0.160660922365,0.313208455862,0.149513400788,0.306309938971,2.21130893319,-5.70522576049,10.1458432073
E0,all,PS,1140,proportional,D,3,114,0.226592297008,0.228070175439,0.218771431371,0.233135726843,0.160660922365,0.313208455862,0.156854219949,0.300970873786,0.147787843093,-6.94263419069,7.48568898604
E0,all,PS,1140,proportional,D,4,114,0.239480367587,0.271929824561,0.233177419072,0.24568887804,0.198684570625,0.360044585307,0.195116783795,0.357723577236,3.24494569743,-4.47005003066,11.8225837328
E0,all,PS,1140,proportional,D,5,114,0.251400631734,0.166666666667,0.245743618202,0.256333191694,0.109373854013,0.245691835427,0.105263157895,0.230105513955,-8.47339650669,-14.5924481048,-2.11846005224
E0,all,PS,1140,proportional,D,6,114,0.261376486178,0.263157894737,0.256385326481,0.266417934382,0.190999599842,0.350757600549,0.178286361845,0.346540641967,0.17814085593,-8.26523726497,8.50759702854
E0,all,PS,1140,proportional,D,7,114,0.271462757323,0.30701754386,0.266442950679,0.276191094379,0.229791020952,0.396825957144,0.212958037825,0.405411779704,3.55547865371,-5.87219141967,13.4160892598
E0,all,PS,1140,proportional,D,8,114,0.280830130476,0.280701754386,0.276423861923,0.286825903861,0.206407205449,0.369293906024,0.20387900036,0.366078058699,-0.0128376090025,-7.70979214674,8.52326031068
E0,all,PS,1140,proportional,D,9,114,0.297638607696,0.271929824561,0.28687380159,0.324324324324,0.198684570625,0.360044585307,0.196573208723,0.352941176471,-2.57087831344,-10.1622615001,5.49704097152
E0,all,PS,1140,proportional,A,0,114,0.0711134014237,0.0789473684211,0.026869955157,0.104470744142,0.0420886145742,0.143257519454,0.0272727272727,0.133941701681,0.783396699738,-4.32837326301,6.33869524499
E0,all,PS,1140,proportional,A,1,114,0.131673400132,0.0964912280702,0.104937748289,0.156594350105,0.0547361490452,0.164553896065,0.0395981133546,0.161305683564,-3.51821720619,-9.2972755474,3.07540330384
E0,all,PS,1140,proportional,A,2,114,0.176719768442,0.157894736842,0.1579227413,0.194674457214,0.102272611876,0.235821122023,0.0952278325123,0.233644859813,-1.88250315999,-8.15315772292,5.66850622131
E0,all,PS,1140,proportional,A,3,114,0.218608461578,0.201754385965,0.194697977083,0.244540180857,0.138370642151,0.284582869452,0.129606710671,0.283490021721,-1.68540756128,-9.05281140343,6.62712088282
E0,all,PS,1140,proportional,A,4,114,0.267243542422,0.228070175439,0.244758673439,0.295917290853,0.160660922365,0.313208455862,0.155172413793,0.305574324324,-3.91733669832,-11.1442083439,3.84102392429
E0,all,PS,1140,proportional,A,5,114,0.318385400743,0.368421052632,0.296320086041,0.346095064013,0.285511409047,0.459909257837,0.283329646018,0.456310679612,5.00356518882,-3.52598687103,13.8388859453
E0,all,PS,1140,proportional,A,6,114,0.37436485448,0.350877192982,0.346498984231,0.405913277321,0.269434547638,0.442042208164,0.26983436853,0.43244636389,-2.34876614973,-10.3577795924,5.81479033868
E0,all,PS,1140,proportional,A,7,114,0.442179751672,0.464912280702,0.405969435772,0.483188066343,0.375996063294,0.556116114541,0.370363079615,0.560753362207,2.27325290295,-7.12338447196,11.8396400179
E0,all,PS,1140,proportional,A,8,114,0.533016455298,0.552631578947,0.483315118025,0.581449146386,0.461125685869,0.640706047377,0.444444444444,0.657413663664,1.96151236493,-8.66440299068,12.1838063417
E0,all,PS,1140,proportional,A,9,114,0.676309806254,0.69298245614,0.581649116848,0.821361850158,0.603174042856,0.770208979048,0.614173228346,0.769230769231,1.66726498865,-5.85683790792,8.99660986264
E0,all,PS,1140,power,H,0,114,0.127198389573,0.122807017544,0.0477692161281,0.182953107697,0.0745812077859,0.195624703948,0.0719857142857,0.173553719008,-0.43913720296,-5.3517860209,4.45608141841
E0,all,PS,1140,power,H,1,114,0.217520181387,0.210526315789,0.183429879684,0.253526541287,0.145752997695,0.294172469449,0.127118644068,0.304008695652,-0.699386559733,-9.08712325856,8.63306690191
E0,all,PS,1140,power,H,2,114,0.287955100735,0.245614035088,0.254273855322,0.316085220661,0.175747336656,0.332065952653,0.17094017094,0.327276749799,-4.23410656472,-11.8708226688,3.96469627009
E0,all,PS,1140,power,H,3,114,0.345842089713,0.377192982456,0.316913110613,0.374500377126,0.29359480828,0.468797814145,0.298067748092,0.456165413534,3.13508927431,-4.72451786808,11.0400421286
E0,all,PS,1140,power,H,4,114,0.404335469282,0.385964912281,0.374968557917,0.436790686374,0.301707627569,0.477656950397,0.294629726891,0.477489069952,-1.8370557001,-11.0095528868,7.2883781607
E0,all,PS,1140,power,H,5,114,0.467839464661,0.421052631579,0.437102422796,0.498186494751,0.334446155576,0.512806244554,0.333258928571,0.508775845865,-4.67868330821,-13.5365410078,4.03305406221
E0,all,PS,1140,power,H,6,114,0.535058966373,0.657894736842,0.500081342597,0.568320800639,0.566937223335,0.738557976404,0.57139905549,0.736842105263,12.283577047,3.5730816572,20.0721990825
E0,all,PS,1140,power,H,7,114,0.602467876368,0.605263157895,0.569833290732,0.639506583376,0.513512960495,0.690150505998,0.512391654908,0.692307692308,0.279528152659,-9.13480772806,9.07948077569
E0,all,PS,1140,power,H,8,114,0.688825349752,0.69298245614,0.639512304658,0.743870633985,0.603174042856,0.770208979048,0.607468291055,0.778866525424,0.415710638808,-8.16173893216,9.00819750693
E0,all,PS,1140,power,H,9,114,0.818059956729,0.789473684211,0.746842740841,0.937658459042,0.705827530551,0.854247002305,0.718439982348,0.861795626577,-2.85862725183,-9.78262027396,4.06833594696
E0,all,PS,1140,power,D,0,114,0.11415284473,0.131578947368,0.0398252638306,0.146128679221,0.0813865098377,0.205791357437,0.0714285714286,0.201756397875,1.74261026381,-4.16071138441,8.51027286025
E0,all,PS,1140,power,D,1,114,0.167249132062,0.149122807018,0.146373867344,0.184540462342,0.0952378373402,0.225883941017,0.0894308943089,0.209677419355,-1.81263250444,-7.76108650409,4.38070503611
E0,all,PS,1140,power,D,2,114,0.201279890493,0.236842105263,0.185028667756,0.214160041259,0.1681826643,0.322658669468,0.15572357264,0.322040902087,3.55622147698,-4.59995914909,12.1376658169
E0,all,PS,1140,power,D,3,114,0.222975779856,0.228070175439,0.214187049176,0.229891257042,0.160660922365,0.313208455862,0.158322368421,0.301594788859,0.509439558212,-6.51195051974,7.8743482969
E0,all,PS,1140,power,D,4,114,0.236547652262,0.263157894737,0.229954415496,0.243059984489,0.190999599842,0.350757600549,0.186425678716,0.350021929825,2.66102424748,-5.00160207402,11.3697766104
E0,all,PS,1140,power,D,5,114,0.249103271317,0.166666666667,0.243370170306,0.253872270732,0.109373854013,0.245691835427,0.105767276423,0.230769230769,-8.24366046499,-14.3318936504,-1.83643049963
E0,all,PS,1140,power,D,6,114,0.259360287579,0.271929824561,0.253928722734,0.264600519662,0.198684570625,0.360044585307,0.184863751326,0.356437795954,1.25695369827,-7.38251752416,9.70267955955
E0,all,PS,1140,power,D,7,114,0.269913008596,0.298245614035,0.264777040588,0.274930246427,0.221961354803,0.387683667752,0.204904571018,0.394742370632,2.83326054388,-6.48304307896,12.4958916786
E0,all,PS,1140,power,D,8,114,0.279550143926,0.280701754386,0.275126346671,0.285509766636,0.206407205449,0.369293906024,0.20387900036,0.366078058699,0.115161045997,-7.58180133888,8.65079397481
E0,all,PS,1140,power,D,9,114,0.296787702622,0.271929824561,0.285600771568,0.324095518573,0.198684570625,0.360044585307,0.196573208723,0.352941176471,-2.48578780603,-10.0792567109,5.58256648044
E0,all,PS,1140,power,A,0,114,0.0636192883025,0.0789473684211,0.0187756948957,0.0986031009062,0.0420886145742,0.143257519454,0.0272727272727,0.132786123299,1.53280801185,-3.58363575144,7.09578979931
E0,all,PS,1140,power,A,1,114,0.126060335012,0.0964912280702,0.100233209783,0.152427587994,0.0547361490452,0.164553896065,0.04,0.162398373984,-2.95691069421,-8.71327415689,3.73314404678
E0,all,PS,1140,power,A,2,114,0.172525486539,0.157894736842,0.15275470599,0.190513016478,0.102272611876,0.235821122023,0.0952380952381,0.231483918129,-1.46307496965,-7.72900739525,5.91254430297
E0,all,PS,1140,power,A,3,114,0.215584540829,0.201754385965,0.191236742266,0.241871493494,0.138370642151,0.284582869452,0.12962962963,0.283023042244,-1.38301548642,-8.71405453163,6.79369889891
E0,all,PS,1140,power,A,4,114,0.265508700028,0.228070175439,0.242122961744,0.294931801072,0.160660922365,0.313208455862,0.156859086918,0.306306306306,-3.74385245898,-10.8798095176,4.05409676419
E0,all,PS,1140,power,A,5,114,0.317935902148,0.368421052632,0.295506984258,0.346376375741,0.285511409047,0.459909257837,0.283329646018,0.456310679612,5.04851504838,-3.48062018694,13.8839203495
E0,all,PS,1140,power,A,6,114,0.375318738104,0.350877192982,0.346806609402,0.40748313394,0.269434547638,0.442042208164,0.26983436853,0.43244636389,-2.44415451212,-10.4565879557,5.72027709208
E0,all,PS,1140,power,A,7,114,0.444921914862,0.473684210526,0.407512754846,0.487665671427,0.384387786176,0.564696347201,0.382102960343,0.565237899918,2.87622956644,-6.23826877319,12.1338856638
E0,all,PS,1140,power,A,8,114,0.538760437334,0.543859649123,0.487744806145,0.589220891596,0.45249119323,0.632368584476,0.434782608696,0.647540983607,0.509921178915,-10.3595434673,10.7240266642
E0,all,PS,1140,power,A,9,114,0.687742098826,0.69298245614,0.589315275163,0.839293244018,0.603174042856,0.770208979048,0.614173228346,0.769230769231,0.524035731438,-7.00751748577,7.84526954653
E0,all,PS,1140,additive,H,0,114,0.126669487212,0.122807017544,0.0459319430342,0.182705594563,0.0745812077859,0.195624703948,0.0719857142857,0.173553719008,-0.386246966859,-5.2918243604,4.51000258965
E0,all,PS,1140,additive,H,1,114,0.217433453113,0.210526315789,0.1830411994,0.253548443974,0.145752997695,0.294172469449,0.127118644068,0.304008695652,-0.690713732378,-9.0805190173,8.64322533335
E0,all,PS,1140,additive,H,2,114,0.28800660682,0.245614035088,0.254441492027,0.316132658265,0.175747336656,0.332065952653,0.17094017094,0.327276749799,-4.23925717325,-11.8767692296,3.96054974067
E0,all,PS,1140,additive,H,3,114,0.345926385227,0.377192982456,0.316948028649,0.374576681926,0.29359480828,0.468797814145,0.298067748092,0.456165413534,3.12665972295,-4.73205641216,11.0312445435
E0,all,PS,1140,additive,H,4,114,0.404415150055,0.385964912281,0.375073929269,0.43685300207,0.301707627569,0.477656950397,0.294629726891,0.477489069952,-1.84502377743,-11.0175967158,7.28020381254
E0,all,PS,1140,additive,H,5,114,0.467854032762,0.421052631579,0.43715229363,0.498131697688,0.334446155576,0.512806244554,0.333258928571,0.508775845865,-4.68014011828,-13.5378331413,4.03182070188
E0,all,PS,1140,additive,H,6,114,0.534921301351,0.657894736842,0.500063545029,0.568027964332,0.566937223335,0.738557976404,0.57139905549,0.736842105263,12.2973435492,3.58567799938,20.0870452006
E0,all,PS,1140,additive,H,7,114,0.60208045854,0.605263157895,0.569622565132,0.638854254526,0.513512960495,0.690150505998,0.512391654908,0.692307692308,0.318269935501,-9.09507209307,9.11910235174
E0,all,PS,1140,additive,H,8,114,0.687911699502,0.69298245614,0.638868540169,0.742705631222,0.603174042856,0.770208979048,0.607468291055,0.778866525424,0.507075663845,-8.06980904238,9.10372595903
E0,all,PS,1140,additive,H,9,114,0.815762122994,0.789473684211,0.74506974507,0.933493444753,0.705827530551,0.854247002305,0.718439982348,0.861795626577,-2.62884387835,-9.55202436475,4.29126667553
E0,all,PS,1140,additive,D,0,114,0.11755102862,0.131578947368,0.0441512723923,0.148624000197,0.0813865098377,0.205791357437,0.074465887111,0.198113207547,1.40279187481,-4.1968975514,7.91960789051
E0,all,PS,1140,additive,D,1,114,0.168996611154,0.149122807018,0.149040123887,0.185928454147,0.0952378373402,0.225883941017,0.09,0.211382113821,-1.98738041369,-7.92401984496,4.23522026104
E0,all,PS,1140,additive,D,2,114,0.202183071269,0.228070175439,0.186054304818,0.215106618577,0.160660922365,0.313208455862,0.148140096618,0.311324621095,2.58871041692,-5.38348083887,11.0044420359
E0,all,PS,1140,additive,D,3,114,0.223525771134,0.228070175439,0.215125602453,0.230329341976,0.160660922365,0.313208455862,0.15652173913,0.301088069636,0.454440430507,-6.68480542007,7.72818578809
E0,all,PS,1140,additive,D,4,114,0.236850231291,0.271929824561,0.230452126083,0.243477051817,0.198684570625,0.360044585307,0.194437702265,0.357742751956,3.50795932707,-4.2487427488,12.1446709022
E0,all,PS,1140,additive,D,5,114,0.249202099716,0.166666666667,0.243592071647,0.25404695027,0.109373854013,0.245691835427,0.105263157895,0.230105513955,-8.25354330493,-14.3724354269,-1.89488732258
E0,all,PS,1140,additive,D,6,114,0.259414549773,0.271929824561,0.254352699904,0.264645649098,0.198684570625,0.360044585307,0.19,0.353849557522,1.25152747886,-6.91556236036,9.40199457552
E0,all,PS,1140,additive,D,7,114,0.269882535589,0.298245614035,0.264666184443,0.274888742833,0.221961354803,0.387683667752,0.204282043962,0.392857142857,2.83630784462,-6.58674501323,12.3517714847
E0,all,PS,1140,additive,D,8,114,0.279515618083,0.280701754386,0.274943560377,0.28550290533,0.206407205449,0.369293906024,0.20387900036,0.366078058699,0.118613630285,-7.57810736023,8.65492991385
E0,all,PS,1140,additive,D,9,114,0.296771898729,0.271929824561,0.285560143364,0.324074074074,0.198684570625,0.360044585307,0.196573208723,0.352941176471,-2.48420741679,-10.0781066164,5.58517888924
E0,all,PS,1140,additive,A,0,114,0.0625651052857,0.0789473684211,0.0165158482915,0.097549517886,0.0420886145742,0.143257519454,0.0272727272727,0.132786123299,1.63822631354,-3.48610279941,7.20551144431
E0,all,PS,1140,additive,A,1,114,0.125603349389,0.0964912280702,0.0996715188427,0.152168376813,0.0547361490452,0.164553896065,0.04,0.162398373984,-2.91121213184,-8.66915237316,3.77884369194
E0,all,PS,1140,additive,A,2,114,0.172251847461,0.157894736842,0.152639377385,0.190595809771,0.102272611876,0.235821122023,0.0952380952381,0.231483918129,-1.43571106194,-7.70398937793,5.93960676118
E0,all,PS,1140,additive,A,3,114,0.215462343335,0.201754385965,0.190840073122,0.241986634055,0.138370642151,0.284582869452,0.129024273395,0.283483215914,-1.37079573699,-8.70349319014,6.88387038739
E0,all,PS,1140,additive,A,4,114,0.26551149578,0.228070175439,0.242101547916,0.294901455102,0.160660922365,0.313208455862,0.155727757441,0.305569727891,-3.74413203411,-10.8876519432,3.94538265095
E0,all,PS,1140,additive,A,5,114,0.317998535616,0.368421052632,0.295481914981,0.346455569503,0.285511409047,0.459909257837,0.283329646018,0.456310679612,5.04225170157,-3.48783412839,13.8776739572
E0,all,PS,1140,additive,A,6,114,0.375408179738,0.350877192982,0.346855119054,0.407565274689,0.269434547638,0.442042208164,0.26983436853,0.43244636389,-2.45309867554,-10.4660487304,5.71152284997
E0,all,PS,1140,additive,A,7,114,0.444967917646,0.473684210526,0.40757404935,0.487653950066,0.384387786176,0.564696347201,0.382102960343,0.565237899918,2.87162928805,-6.24273083806,12.1292692728
E0,all,PS,1140,additive,A,8,114,0.538594049429,0.543859649123,0.487720813771,0.588854119749,0.45249119323,0.632368584476,0.434782608696,0.647540983607,0.526559969371,-10.3459136812,10.7403983346
E0,all,PS,1140,additive,A,9,114,0.686763063387,0.69298245614,0.588972139668,0.836867176249,0.603174042856,0.770208979048,0.614173228346,0.769230769231,0.621939275323,-6.90775692296,7.94452356638
E0,all,PS,1140,shin,H,0,114,0.128244138166,0.122807017544,0.0484815288979,0.183702758826,0.0745812077859,0.195624703948,0.0719857142857,0.173553719008,-0.543712062239,-5.45191500747,4.35245763045
E0,all,PS,1140,shin,H,1,114,0.218241592518,0.210526315789,0.184209273611,0.254116458002,0.145752997695,0.294172469449,0.127118644068,0.304008695652,-0.771527672823,-9.15908221535,8.5616481071
E0,all,PS,1140,shin,H,2,114,0.28828926868,0.245614035088,0.254909189881,0.316254158761,0.175747336656,0.332065952653,0.17094017094,0.327276749799,-4.26752335926,-11.9036151695,3.93053599339
E0,all,PS,1140,shin,H,3,114,0.345846315442,0.377192982456,0.317054204251,0.374358026892,0.29359480828,0.468797814145,0.298067748092,0.456165413534,3.13466670144,-4.72575261149,11.0384970098
E0,all,PS,1140,shin,H,4,114,0.403962114835,0.385964912281,0.374777039938,0.436117345512,0.301707627569,0.477656950397,0.294629726891,0.477489069952,-1.79972025545,-10.9735237978,7.32343717614
E0,all,PS,1140,shin,H,5,114,0.466980477609,0.421052631579,0.436437562666,0.496973887432,0.334446155576,0.512806244554,0.333258928571,0.508775845865,-4.59278460305,-13.4498418475,4.12285549389
E0,all,PS,1140,shin,H,6,114,0.533552380614,0.657894736842,0.49883503879,0.566291383414,0.566937223335,0.738557976404,0.57139905549,0.736842105263,12.4342356228,3.7190303307,20.22665712
E0,all,PS,1140,shin,H,7,114,0.600199845707,0.605263157895,0.56814894103,0.636486495816,0.513512960495,0.690150505998,0.512391654908,0.692307692308,0.50633121879,-8.90480318228,9.30920754431
E0,all,PS,1140,shin,H,8,114,0.685266416433,0.69298245614,0.636503609179,0.739928664291,0.603174042856,0.770208979048,0.607468291055,0.778866525424,0.771603970741,-7.80462738352,9.3720627957
E0,all,PS,1140,shin,H,9,114,0.811874101074,0.789473684211,0.741284810365,0.929110490939,0.705827530551,0.854247002305,0.718439982348,0.861795626577,-2.24004168632,-9.16231065783,4.67004870086
E0,all,PS,1140,shin,D,0,114,0.119187898961,0.131578947368,0.0460641709042,0.150131588714,0.0813865098377,0.205791357437,0.074465887111,0.198113207547,1.23910484073,-4.36101572765,7.75820612525
E0,all,PS,1140,shin,D,1,114,0.170203490983,0.149122807018,0.150669102825,0.186727581684,0.0952378373402,0.225883941017,0.0901639344262,0.211870826913,-2.1080683965,-8.01926270159,4.21703845907
E0,all,PS,1140,shin,D,2,114,0.203123820025,0.228070175439,0.187129252394,0.216017458145,0.160660922365,0.313208455862,0.149513400788,0.306309938971,2.49463554132,-5.42229261194,10.4344795423
E0,all,PS,1140,shin,D,3,114,0.224295639886,0.228070175439,0.216028965473,0.231038511808,0.160660922365,0.313208455862,0.15652173913,0.301088069636,0.377453555267,-6.76216974839,7.65080911978
E0,all,PS,1140,shin,D,4,114,0.237512293898,0.271929824561,0.231198742381,0.244030204542,0.198684570625,0.360044585307,0.194437702265,0.357742751956,3.44175306639,-4.31480835038,12.0798019631
E0,all,PS,1140,shin,D,5,114,0.249758660857,0.166666666667,0.244235063393,0.254573506713,0.109373854013,0.245691835427,0.105263157895,0.230105513955,-8.30919941902,-14.4280938185,-1.95153791561
E0,all,PS,1140,shin,D,6,114,0.259912245519,0.271929824561,0.254863923729,0.265123220414,0.198684570625,0.360044585307,0.19,0.353849557522,1.20175790423,-6.96531087439,9.35235111327
E0,all,PS,1140,shin,D,7,114,0.270283499292,0.298245614035,0.265141832232,0.275219123318,0.221961354803,0.387683667752,0.204282043962,0.392857142857,2.79621147434,-6.62679469978,12.3116704851
E0,all,PS,1140,shin,D,8,114,0.279849491512,0.280701754386,0.275342495563,0.285839134096,0.206407205449,0.369293906024,0.20387900036,0.366078058699,0.0852262874097,-7.61155770775,8.62147404841
E0,all,PS,1140,shin,D,9,114,0.296991750682,0.271929824561,0.28589452823,0.324137958377,0.198684570625,0.360044585307,0.196573208723,0.352941176471,-2.50619261207,-10.0994432938,5.5627946829
E0,all,PS,1140,shin,A,0,114,0.0648594922825,0.0789473684211,0.0196098629198,0.0994673118025,0.0420886145742,0.143257519454,0.0272727272727,0.132786123299,1.40878761385,-3.7123701252,6.97794816244
E0,all,PS,1140,shin,A,1,114,0.127169733819,0.0964912280702,0.10058051587,0.153637912316,0.0547361490452,0.164553896065,0.039603960396,0.161911196911,-3.0678505749,-8.86116548746,3.61843466915
E0,all,PS,1140,shin,A,2,114,0.173393452648,0.157894736842,0.153651820294,0.191633660763,0.102272611876,0.235821122023,0.0952278325123,0.233644859813,-1.54987158056,-7.82082424211,6.00795257686
E0,all,PS,1140,shin,A,3,114,0.216265177443,0.201754385965,0.191944273609,0.242661398312,0.138370642151,0.284582869452,0.129024273395,0.283483215914,-1.45107914784,-8.7834924107,6.80380530542
E0,all,PS,1140,shin,A,4,114,0.265950559586,0.228070175439,0.242717204764,0.29515979598,0.160660922365,0.313208455862,0.155727757441,0.305569727891,-3.78803841478,-10.9316460923,3.90222912421
E0,all,PS,1140,shin,A,5,114,0.318095657788,0.368421052632,0.295694454368,0.346362662909,0.285511409047,0.459909257837,0.283329646018,0.456310679612,5.03253948433,-3.49739634925,13.8679421787
E0,all,PS,1140,shin,A,6,114,0.375142134226,0.350877192982,0.346763954014,0.407117137411,0.269434547638,0.442042208164,0.26983436853,0.43244636389,-2.42649412431,-10.4384373433,5.73785303497
E0,all,PS,1140,shin,A,7,114,0.444260389846,0.473684210526,0.407167125964,0.48660075686,0.384387786176,0.564696347201,0.378640776699,0.568027642276,2.94238206804,-6.36551170866,12.4691892089
E0,all,PS,1140,shin,A,8,114,0.537177657968,0.543859649123,0.486805925092,0.586974610652,0.45249119323,0.632368584476,0.438003615702,0.646576455625,0.668199115453,-9.82363357094,10.9635894659
E0,all,PS,1140,shin,A,9,114,0.684110301701,0.69298245614,0.587113273434,0.832934756345,0.603174042856,0.770208979048,0.614173228346,0.769230769231,0.887215443974,-6.64103697593,8.21155589511
SP1,all,B365,1140,proportional,H,0,115,0.172195077854,0.147826086957,0.0788505518544,0.219346938018,0.0943901844581,0.224029491606,0.0862068965517,0.214300472255,-2.43689908973,-8.7201544378,4.3431559251
SP1,all,B365,1140,proportional,H,1,114,0.261032407369,0.210526315789,0.219513500973,0.291658410937,0.145752997695,0.294172469449,0.141728799387,0.284315974096,-5.05060915791,-11.8443654708,2.38574505402
SP1,all,B365,1140,proportional,H,2,113,0.316850817616,0.309734513274,0.292338709677,0.344161184211,0.231916696918,0.400063248951,0.223117539027,0.398347457627,-0.711630434212,-9.50674796406,8.3604406239
SP1,all,B365,1140,proportional,H,3,114,0.366746510696,0.359649122807,0.344233797574,0.387252924566,0.277457839379,0.450990871964,0.274987745098,0.449173728814,-0.70973878885,-9.19970170151,8.29642026993
SP1,all,B365,1140,proportional,H,4,114,0.412967565562,0.438596491228,0.3875,0.436534324271,0.350983809747,0.530212501466,0.352367724868,0.515474144984,2.56289256656,-5.99783584599,10.231925626
SP1,all,B365,1140,proportional,H,5,114,0.460225735413,0.429824561404,0.437414567467,0.485044462409,0.342701148079,0.521523207593,0.338792953458,0.526346871115,-3.04011740097,-12.1639498391,6.64441106313
SP1,all,B365,1140,proportional,H,6,115,0.51040842018,0.521739130435,0.485194434534,0.540540540541,0.431223983237,0.610848876265,0.4385839599,0.609107538803,1.13307102543,-7.15732681449,9.97210653651
SP1,all,B365,1140,proportional,H,7,113,0.565508276636,0.601769911504,0.540711462451,0.591397849462,0.509597946993,0.687249988938,0.51376146789,0.684697197197,3.62616348681,-5.23885665295,11.971613875
SP1,all,B365,1140,proportional,H,8,115,0.641387436224,0.686956521739,0.591506572295,0.693481276006,0.597320485458,0.764506106261,0.59457347973,0.771436335404,4.55690855156,-4.63618054505,12.8791924314
SP1,all,B365,1140,proportional,H,9,113,0.754986410561,0.840707964602,0.693693693694,0.884704814836,0.76221314252,0.896799512553,0.773904840033,0.904008695652,8.57215540405,1.99366307354,14.9681428353
SP1,all,B365,1140,proportional,D,0,115,0.151651423143,0.121739130435,0.0788861793229,0.186998593996,0.0739197685165,0.194012476145,0.0660223064715,0.181034482759,-2.99122927087,-8.61029313496,2.9475254647
SP1,all,B365,1140,proportional,D,1,114,0.205427117731,0.149122807018,0.187050359712,0.22496691663,0.0952378373402,0.225883941017,0.0803571428571,0.221055161943,-5.63043107139,-12.4091259039,1.51986077074
SP1,all,B365,1140,proportional,D,2,113,0.236767062506,0.274336283186,0.225286336716,0.249364365343,0.200514122761,0.362996975827,0.196078431373,0.344827586207,3.756922068,-4.0430773383,10.8014445046
SP1,all,B365,1140,proportional,D,3,114,0.254513378896,0.254385964912,0.24948024948,0.262120614899,0.183353438187,0.341431806663,0.175925925926,0.3334,-0.0127413983895,-7.87337925396,7.93726042134
SP1,all,B365,1140,proportional,D,4,114,0.267756826533,0.254385964912,0.262128619782,0.272504091653,0.183353438187,0.341431806663,0.169642857143,0.340744949495,-1.33708616212,-9.80914134817,7.28285933119
SP1,all,B365,1140,proportional,D,5,114,0.279664615314,0.298245614035,0.272792192335,0.286195286195,0.221961354803,0.387683667752,0.214285714286,0.376237623762,1.85809987214,-6.56456214041,9.67651258533
SP1,all,B365,1140,proportional,D,6,114,0.289907250061,0.30701754386,0.286259541985,0.294573643411,0.229791020952,0.396825957144,0.210084033613,0.406795354677,1.71102937988,-7.95050902913,11.6773593552
SP1,all,B365,1140,proportional,D,7,115,0.299631842307,0.339130434783,0.294871794872,0.305304276316,0.259056869597,0.429603970087,0.256637168142,0.428571428571,3.9498592476,-4.29706712506,12.8773282353
SP1,all,B365,1140,proportional,D,8,114,0.310664504506,0.280701754386,0.30549898167,0.317147192716,0.206407205449,0.369293906024,0.205128205128,0.361904761905,-2.99627501197,-10.5586406562,5.13854840379
SP1,all,B365,1140,proportional,D,9,113,0.330518961663,0.29203539823,0.31718061674,0.372829023543,0.216143061953,0.381602460276,0.213790156204,0.374009146341,-3.84835634334,-11.6556669539,4.45048478565
SP1,all,B365,1140,proportional,A,0,114,0.0884088081996,0.0438596491228,0.0360462979974,0.117025440313,0.0188775095533,0.0985808023109,0.00943396226415,0.0813091090095,-4.45491590768,-7.69003002115,-0.772337952401
SP1,all,B365,1140,proportional,A,1,114,0.14017327892,0.105263157895,0.117166212534,0.159994176736,0.0612468775624,0.175015123089,0.0566037735849,0.163793103448,-3.49101210253,-8.33146810447,2.25217690169
SP1,all,B365,1140,proportional,A,2,114,0.178378516107,0.184210526316,0.160161507402,0.190784179309,0.123760314506,0.265249286016,0.123807069219,0.247527109854,0.583201020893,-5.51934998224,6.8665241709
SP1,all,B365,1140,proportional,A,3,115,0.213228764506,0.191304347826,0.191178844726,0.229290457882,0.129865947717,0.272699447351,0.116062204841,0.272727272727,-2.19244166799,-9.75238852128,5.83698388923
SP1,all,B365,1140,proportional,A,4,113,0.247933684855,0.194690265487,0.22961558352,0.26558891455,0.132233312262,0.277222879945,0.127991489362,0.270006756757,-5.32434193688,-11.9554052879,2.17029061207
SP1,all,B365,1140,proportional,A,5,114,0.284440589138,0.254385964912,0.26586102719,0.301515772224,0.183353438187,0.341431806663,0.177555619883,0.333333333333,-3.00546242254,-10.7002778043,4.78451151242
SP1,all,B365,1140,proportional,A,6,114,0.326214566548,0.289473684211,0.303797468354,0.351648351648,0.214166454634,0.37850661238,0.207538670746,0.380970556161,-3.67408823373,-12.005362846,5.49602968197
SP1,all,B365,1140,proportional,A,7,114,0.383278314101,0.456140350877,0.352702153596,0.414012738854,0.367631415524,0.54750880677,0.36605007764,0.551194678251,7.28620367765,-1.74509236773,16.7434014899
SP1,all,B365,1140,proportional,A,8,114,0.45626031997,0.552631578947,0.41599513456,0.5112910098,0.461125685869,0.640706047377,0.457142857143,0.642218217562,9.63712589775,0.000766623434616,18.7275796703
SP1,all,B365,1140,proportional,A,9,114,0.596942238372,0.614035087719,0.511675126904,0.775579198568,0.522343049603,0.698292372431,0.534636643276,0.696428571429,1.70928493476,-6.48307325979,10.0493338045
SP1,all,B365,1140,power,H,0,114,0.163130736664,0.149122807018,0.0661217162144,0.213187828461,0.0952378373402,0.225883941017,0.0869565217391,0.216674528302,-1.40079296461,-7.6590479047,5.48882613128
SP1,all,B365,1140,power,H,1,115,0.256765668783,0.208695652174,0.213858428735,0.289429006175,0.144445392812,0.291778289858,0.140492243004,0.283018867925,-4.80700166087,-11.5464500701,2.6274611602
SP1,all,B365,1140,power,H,2,114,0.316190103518,0.30701754386,0.290371976344,0.344708108369,0.229791020952,0.396825957144,0.221238938053,0.392864774115,-0.917255965819,-9.59456485153,7.76313771097
SP1,all,B365,1140,power,H,3,113,0.368668953968,0.362831858407,0.344753110325,0.390063853134,0.280042542754,0.454640674034,0.277764026403,0.452830188679,-0.583709556065,-9.14263910115,8.43582807525
SP1,all,B365,1140,power,H,4,114,0.417199583747,0.438596491228,0.390293866525,0.443269537007,0.350983809747,0.530212501466,0.352367724868,0.515474144984,2.13969074808,-6.41182724014,9.802390471
SP1,all,B365,1140,power,H,5,114,0.467236561204,0.429824561404,0.444002837042,0.493933509993,0.342701148079,0.521523207593,0.338792953458,0.526346871115,-3.74119998004,-12.8677273172,5.9378754466
SP1,all,B365,1140,power,H,6,115,0.520585690551,0.521739130435,0.494009851924,0.552833215561,0.431223983237,0.610848876265,0.4385839599,0.609107538803,0.115343988371,-8.19694803167,8.95523169915
SP1,all,B365,1140,power,H,7,113,0.57862660022,0.601769911504,0.552966735427,0.606438777371,0.509597946993,0.687249988938,0.514563106796,0.68225422358,2.3143311284,-6.42254887161,10.4411691046
SP1,all,B365,1140,power,H,8,115,0.660650586816,0.686956521739,0.606850222738,0.71769901921,0.597320485458,0.764506106261,0.594827586207,0.775017523364,2.63059349229,-6.29985865499,11.2642003428
SP1,all,B365,1140,power,H,9,113,0.781688690302,0.840707964602,0.717932641617,0.923748510729,0.76221314252,0.896799512553,0.773904840033,0.904008695652,5.90192742994,-0.693650155385,12.2579804463
SP1,all,B365,1140,power,D,0,114,0.136340131594,0.114035087719,0.0543111276163,0.171871691648,0.0678652182125,0.18536873798,0.0598163841808,0.171433901919,-2.23050438751,-7.60903112228,3.60788866775
SP1,all,B365,1140,power,D,1,116,0.195170006843,0.155172413793,0.172987909158,0.216519475746,0.100466081392,0.231985302401,0.0869565217391,0.226196091644,-3.99975930497,-10.8236879766,2.92717365811
SP1,all,B365,1140,power,D,2,115,0.23052665027,0.286956521739,0.217544450068,0.242826929474,0.212225806013,0.375460170866,0.209052315609,0.358344465649,5.64298714688,-2.16817066397,12.7992447761
SP1,all,B365,1140,power,D,3,111,0.249365603134,0.243243243243,0.243208298477,0.256492372052,0.172894318372,0.330769248903,0.160705862534,0.325231065469,-0.612235989059,-8.88309277908,7.54087642629
SP1,all,B365,1140,power,D,4,114,0.263390595315,0.254385964912,0.256518389883,0.269179713482,0.183353438187,0.341431806663,0.173913043478,0.333333333333,-0.900463040277,-8.95703904998,7.03101296849
SP1,all,B365,1140,power,D,5,114,0.276335280637,0.30701754386,0.269439075542,0.283044169267,0.229791020952,0.396825957144,0.223210851648,0.384015384615,3.06822632231,-5.28464009311,10.6978041888
SP1,all,B365,1140,power,D,6,114,0.287232775169,0.298245614035,0.283048114532,0.29214889823,0.221961354803,0.387683667752,0.201678978043,0.398230088496,1.10128388659,-8.59025743163,11.0507439068
SP1,all,B365,1140,power,D,7,114,0.297437004689,0.342105263158,0.292239475979,0.303572408142,0.261442023596,0.433062776665,0.254095107989,0.442110323887,4.46682584689,-4.33557404239,14.4678152243
SP1,all,B365,1140,power,D,8,115,0.309181811295,0.278260869565,0.303737367762,0.316278888455,0.204538949,0.366317884077,0.199963235294,0.36221823375,-3.09209417295,-10.9107364317,5.29922512282
SP1,all,B365,1140,power,D,9,113,0.330184733779,0.29203539823,0.316332404356,0.374925798165,0.216143061953,0.381602460276,0.213790156204,0.374009146341,-3.81493355491,-11.6201624269,4.47959988624
SP1,all,B365,1140,power,A,0,114,0.0764914463834,0.0438596491228,0.0215029507432,0.102644893999,0.0188775095533,0.0985808023109,0.00934579439252,0.0813008130081,-3.26317972605,-6.46747900762,0.403294025843
SP1,all,B365,1140,power,A,1,114,0.130402381829,0.105263157895,0.103106099331,0.152306862488,0.0612468775624,0.175015123089,0.0559888888889,0.165048543689,-2.5139223934,-7.4101823083,3.23608087379
SP1,all,B365,1140,power,A,2,114,0.170724500212,0.184210526316,0.153257900748,0.184504364912,0.123760314506,0.265249286016,0.122950819672,0.247619047619,1.34860261034,-4.82219230891,7.66571554586
SP1,all,B365,1140,power,A,3,114,0.206961101979,0.19298245614,0.18552620454,0.223462613619,0.131038921615,0.274942634447,0.117105855856,0.273525073746,-1.39786458389,-8.9554884612,6.68842724013
SP1,all,B365,1140,power,A,4,114,0.243332436872,0.19298245614,0.223773171976,0.262624267896,0.131038921615,0.274942634447,0.127446524064,0.268518518519,-5.03499807313,-11.5841091163,2.47488511205
SP1,all,B365,1140,power,A,5,114,0.281846919843,0.254385964912,0.262783967302,0.299931225601,0.183353438187,0.341431806663,0.176978136387,0.333333333333,-2.74609549307,-10.4433443233,5.0397790892
SP1,all,B365,1140,power,A,6,114,0.325803110717,0.289473684211,0.302018485671,0.352527998745,0.214166454634,0.37850661238,0.207538670746,0.380970556161,-3.63294265068,-11.9581709507,5.54540240643
SP1,all,B365,1140,power,A,7,114,0.385929428655,0.456140350877,0.353603651594,0.417985942493,0.367631415524,0.54750880677,0.36605007764,0.551194678251,7.02109222219,-2.00031458787,16.4775124022
SP1,all,B365,1140,power,A,8,114,0.463132583473,0.552631578947,0.419572461121,0.521836899016,0.461125685869,0.640706047377,0.457142857143,0.642218217562,8.94989954748,-0.67886191713,18.0455660042
SP1,all,B365,1140,power,A,9,114,0.613321087909,0.614035087719,0.522071374897,0.804636705324,0.522343049603,0.698292372431,0.534636643276,0.696428571429,0.0713999810426,-8.20193301367,8.31978774011
SP1,all,B365,1140,additive,H,0,115,0.162939035049,0.147826086957,0.064382793891,0.21331888111,0.0943901844581,0.224029491606,0.0862068965517,0.214300472255,-1.51129480925,-7.808664246,5.26609632038
SP1,all,B365,1140,additive,H,1,114,0.256981713793,0.210526315789,0.213585184351,0.289367335563,0.145752997695,0.294172469449,0.141728799387,0.284315974096,-4.64553980034,-11.4364097098,2.79056674499
SP1,all,B365,1140,additive,H,2,113,0.315971490978,0.309734513274,0.290185676393,0.344773903914,0.231916696918,0.400063248951,0.223117539027,0.398347457627,-0.62369777038,-9.41924798361,8.45922396434
SP1,all,B365,1140,additive,H,3,114,0.368577640167,0.359649122807,0.344848196797,0.390164399093,0.277457839379,0.450990871964,0.274987745098,0.449173728814,-0.892851736022,-9.38880457933,8.1218105468
SP1,all,B365,1140,additive,H,4,114,0.417293255481,0.438596491228,0.39038841343,0.4432913784,0.350983809747,0.530212501466,0.352367724868,0.515474144984,2.13032357472,-6.42127762105,9.79359945484
SP1,all,B365,1140,additive,H,5,114,0.467224847468,0.429824561404,0.444006090808,0.493732193732,0.342701148079,0.521523207593,0.338792953458,0.526346871115,-3.7400286064,-12.8658910264,5.9393447516
SP1,all,B365,1140,additive,H,6,115,0.520335736571,0.521739130435,0.493841126194,0.552380952381,0.431223983237,0.610848876265,0.4385839599,0.609107538803,0.140339386387,-8.17011495964,8.98006393305
SP1,all,B365,1140,additive,H,7,113,0.578008412275,0.601769911504,0.552492341966,0.605555555556,0.509597946993,0.687249988938,0.514563106796,0.68225422358,2.37614992295,-6.35955636615,10.5026045498
SP1,all,B365,1140,additive,H,8,115,0.659073217209,0.686956521739,0.606060606061,0.715196078431,0.597320485458,0.764506106261,0.594827586207,0.775017523364,2.78833045302,-6.14401533943,11.4164400148
SP1,all,B365,1140,additive,H,9,113,0.778225563982,0.840707964602,0.71530430354,0.915788002237,0.76221314252,0.896799512553,0.773904840033,0.904008695652,6.24824006201,-0.356263936306,12.6259572865
SP1,all,B365,1140,additive,D,0,115,0.141446475759,0.121739130435,0.0645418963176,0.176824413976,0.0739197685165,0.194012476145,0.0660223064715,0.181034482759,-1.97073453245,-7.5617657927,3.97127345357
SP1,all,B365,1140,additive,D,1,114,0.198072728429,0.149122807018,0.176923076923,0.218643012761,0.0952378373402,0.225883941017,0.0803571428571,0.221055161943,-4.89499214114,-11.6569718333,2.25500391426
SP1,all,B365,1140,additive,D,2,113,0.231504290773,0.274336283186,0.219143206404,0.244719642243,0.200514122761,0.362996975827,0.196078431373,0.344827586207,4.28319924125,-3.52942846063,11.3268977131
SP1,all,B365,1140,additive,D,3,114,0.250129932743,0.254385964912,0.244843646041,0.257866889446,0.183353438187,0.341431806663,0.175925925926,0.3334,0.425603216937,-7.44151632401,8.37236972846
SP1,all,B365,1140,additive,D,4,114,0.264089480258,0.254385964912,0.257877676816,0.269555269555,0.183353438187,0.341431806663,0.169642857143,0.340744949495,-0.970351534599,-9.44325979498,7.64816697329
SP1,all,B365,1140,additive,D,5,114,0.276679723997,0.298245614035,0.269924374636,0.283422459893,0.221961354803,0.387683667752,0.214285714286,0.376237623762,2.15658900384,-6.27458378668,9.9775225903
SP1,all,B365,1140,additive,D,6,115,0.287586301186,0.304347826087,0.283501683502,0.292572463768,0.227704123566,0.393640140914,0.209673579109,0.400040983607,1.67615249012,-7.79166463376,11.2446220611
SP1,all,B365,1140,additive,D,7,114,0.297819830028,0.342105263158,0.292847503374,0.303718185439,0.261442023596,0.433062776665,0.260495661679,0.429753878498,4.42854331296,-3.70741610175,13.1696648665
SP1,all,B365,1140,additive,D,8,114,0.309446263335,0.280701754386,0.30394265233,0.316321105795,0.206407205449,0.369293906024,0.205128205128,0.361904761905,-2.87445089488,-10.4387564611,5.26274894243
SP1,all,B365,1140,additive,D,9,113,0.330392626937,0.29203539823,0.316358024691,0.375707384403,0.216143061953,0.381602460276,0.213790156204,0.374009146341,-3.8357228707,-11.6411041221,4.4590739303
SP1,all,B365,1140,additive,A,0,114,0.0748073322235,0.0438596491228,0.0161269243838,0.102285395764,0.0188775095533,0.0985808023109,0.00943396226415,0.0813091090095,-3.09476831006,-6.32132719807,0.593414285723
SP1,all,B365,1140,additive,A,1,114,0.129284450058,0.105263157895,0.102713178295,0.150756116074,0.0612468775624,0.175015123089,0.0564516129032,0.163461538462,-2.40212921636,-7.29975879228,3.24756502945
SP1,all,B365,1140,additive,A,2,114,0.169864857026,0.184210526316,0.152765140026,0.183898349216,0.123760314506,0.265249286016,0.122950819672,0.247619047619,1.434566929,-4.73345129381,7.75094312355
SP1,all,B365,1140,additive,A,3,114,0.206424888076,0.19298245614,0.184619715138,0.223162186577,0.131038921615,0.274942634447,0.117105855856,0.273525073746,-1.34424319361,-8.906665382,6.74073972502
SP1,all,B365,1140,additive,A,4,114,0.243041376186,0.19298245614,0.223375673855,0.262469657818,0.131038921615,0.274942634447,0.127446524064,0.268518518519,-5.00589200453,-11.5544630498,2.50332638206
SP1,all,B365,1140,additive,A,5,114,0.281742063909,0.254385964912,0.262479871176,0.299836601307,0.183353438187,0.341431806663,0.176978136387,0.333333333333,-2.7356098997,-10.431837271,5.04827990423
SP1,all,B365,1140,additive,A,6,114,0.325840017525,0.289473684211,0.301971326165,0.35262345679,0.214166454634,0.37850661238,0.207538670746,0.380970556161,-3.63663333145,-11.9621018567,5.54138475349
SP1,all,B365,1140,additive,A,7,114,0.386044720778,0.456140350877,0.353672412812,0.418060200669,0.367631415524,0.54750880677,0.36605007764,0.551194678251,7.00956300994,-2.01215399333,16.465654265
SP1,all,B365,1140,additive,A,8,114,0.463091989785,0.552631578947,0.419728366811,0.521471471471,0.461125685869,0.640706047377,0.457142857143,0.642218217562,8.95395891627,-0.676466982549,18.049784035
SP1,all,B365,1140,additive,A,9,114,0.612118699588,0.614035087719,0.521736021736,0.800721591705,0.522343049603,0.698292372431,0.534636643276,0.696428571429,0.191638813148,-8.06515295502,8.45281538371
SP1,all,B365,1140,shin,H,0,115,0.165386233147,0.147826086957,0.0683729446525,0.214873642628,0.0943901844581,0.224029491606,0.0862068965517,0.214300472255,-1.75601461903,-8.04958339186,5.01713312662
SP1,all,B365,1140,shin,H,1,114,0.258035042444,0.210526315789,0.215141152129,0.28996071418,0.145752997695,0.294172469449,0.141728799387,0.284315974096,-4.75087266547,-11.5425727612,2.68532753076
SP1,all,B365,1140,shin,H,2,113,0.316197127343,0.309734513274,0.29074616393,0.344613499248,0.231916696918,0.400063248951,0.223117539027,0.398347457627,-0.646261406897,-9.44171993481,8.43390583189
SP1,all,B365,1140,shin,H,3,114,0.368101103708,0.359649122807,0.344686406938,0.389410361565,0.277457839379,0.450990871964,0.274987745098,0.449173728814,-0.845198090143,-9.3395492585,8.1666073047
SP1,all,B365,1140,shin,H,4,114,0.416173246113,0.438596491228,0.389640867414,0.441533806951,0.350983809747,0.530212501466,0.352367724868,0.515474144984,2.24232451148,-6.31168794707,9.90705596998
SP1,all,B365,1140,shin,H,5,114,0.465415438346,0.429824561404,0.442294737951,0.491490237359,0.342701148079,0.521523207593,0.338792953458,0.526346871115,-3.55908769428,-12.6844433435,6.12172666107
SP1,all,B365,1140,shin,H,6,115,0.517772201999,0.521739130435,0.491608876606,0.549325660074,0.431223983237,0.610848876265,0.4385839599,0.609107538803,0.396692843545,-7.90843914082,9.23620804182
SP1,all,B365,1140,shin,H,7,113,0.57480135259,0.601769911504,0.549458186893,0.602160996733,0.509597946993,0.687249988938,0.514563106796,0.68225422358,2.69685589148,-6.03657246836,10.8229836071
SP1,all,B365,1140,shin,H,8,115,0.654507337068,0.686956521739,0.602286864136,0.709607728004,0.597320485458,0.764506106261,0.594827586207,0.775017523364,3.2449184671,-5.6895568448,11.8757220827
SP1,all,B365,1140,shin,H,9,113,0.772257432923,0.840707964602,0.709753661914,0.907808239775,0.76221314252,0.896799512553,0.773904840033,0.904008695652,6.8450531679,0.237805292393,13.2324909555
SP1,all,B365,1140,shin,D,0,116,0.144139798603,0.120689655172,0.0673686317819,0.179216831449,0.0732699653657,0.192426556806,0.0648148148148,0.1794921875,-2.34501434306,-7.91235382057,3.55123969546
SP1,all,B365,1140,shin,D,1,113,0.200033583156,0.150442477876,0.179553149455,0.220198781455,0.0961008671196,0.227769265988,0.0810810810811,0.222222222222,-4.95911052804,-11.8385123909,2.15983724144
SP1,all,B365,1140,shin,D,2,113,0.232813281944,0.274336283186,0.220675208357,0.245940722073,0.200514122761,0.362996975827,0.196078431373,0.344827586207,4.15230012418,-3.65743629778,11.1967889432
SP1,all,B365,1140,shin,D,3,114,0.251229460476,0.254385964912,0.245993915934,0.258925582484,0.183353438187,0.341431806663,0.175925925926,0.3334,0.315650443623,-7.55019992753,8.26317660709
SP1,all,B365,1140,shin,D,4,114,0.265009933588,0.254385964912,0.258982443286,0.270292068572,0.183353438187,0.341431806663,0.169642857143,0.340744949495,-1.06239686761,-9.53487906643,7.55643227077
SP1,all,B365,1140,shin,D,5,114,0.277439835748,0.298245614035,0.270647579219,0.284149335981,0.221961354803,0.387683667752,0.214285714286,0.376237623762,2.08057782875,-6.34844647754,9.90106650423
SP1,all,B365,1140,shin,D,6,114,0.288142916867,0.30701754386,0.284162447062,0.293169031387,0.229791020952,0.396825957144,0.21136071887,0.404958677686,1.88746269922,-7.6787882406,11.6638285668
SP1,all,B365,1140,shin,D,7,114,0.298190965193,0.342105263158,0.293169031387,0.304132460952,0.261442023596,0.433062776665,0.260162601626,0.430025862069,4.39142979647,-3.79936217774,13.1905703949
SP1,all,B365,1140,shin,D,8,115,0.309703613085,0.278260869565,0.304132460952,0.316523105689,0.204538949,0.366317884077,0.203383209746,0.359233946517,-3.14427435197,-10.63808463,4.97884814015
SP1,all,B365,1140,shin,D,9,113,0.330417624143,0.29203539823,0.316571561697,0.374920554083,0.216143061953,0.381602460276,0.213790156204,0.374009146341,-3.83822259128,-11.6440894587,4.45830523633
SP1,all,B365,1140,shin,A,0,114,0.0785588128232,0.0438596491228,0.0227697185245,0.106235149788,0.0188775095533,0.0985808023109,0.00943396226415,0.0813091090095,-3.46991637004,-6.70289435009,0.211533578482
SP1,all,B365,1140,shin,A,1,114,0.132188439619,0.105263157895,0.106564394309,0.152956632221,0.0612468775624,0.175015123089,0.0564516129032,0.163461538462,-2.69252817242,-7.58925719246,2.95313222746
SP1,all,B365,1140,shin,A,2,114,0.172103710303,0.184210526316,0.154646701214,0.18569491671,0.123760314506,0.265249286016,0.122950819672,0.247619047619,1.2106816013,-4.95756822733,7.52813853797
SP1,all,B365,1140,shin,A,3,114,0.20817174339,0.19298245614,0.186339969755,0.224847629387,0.131038921615,0.274942634447,0.117105855856,0.273525073746,-1.51892872493,-9.07339902057,6.56599652625
SP1,all,B365,1140,shin,A,4,114,0.244274901588,0.19298245614,0.225047827922,0.263273019962,0.131038921615,0.274942634447,0.127446524064,0.268518518519,-5.12924454478,-11.6752783739,2.38564595147
SP1,all,B365,1140,shin,A,5,114,0.282441379569,0.254385964912,0.263286420514,0.300151852826,0.183353438187,0.341431806663,0.176978136387,0.333333333333,-2.80554146564,-10.5011726025,4.98085987954
SP1,all,B365,1140,shin,A,6,114,0.32593533826,0.289473684211,0.302446293611,0.352369159735,0.214166454634,0.37850661238,0.207538670746,0.380970556161,-3.64616540498,-11.9731209987,5.52981582632
SP1,all,B365,1140,shin,A,7,114,0.38532643887,0.456140350877,0.353420815051,0.417016344353,0.367631415524,0.54750880677,0.36605007764,0.551194678251,7.08139120075,-1.94284917879,16.5377698012
SP1,all,B365,1140,shin,A,8,114,0.461326936564,0.552631578947,0.418766040423,0.518847153556,0.461125685869,0.640706047377,0.457142857143,0.642218217562,9.1304642383,-0.508158739392,18.2248273948
SP1,all,B365,1140,shin,A,9,114,0.608210660174,0.614035087719,0.519142624501,0.794264874784,0.522343049603,0.698292372431,0.534636643276,0.696428571429,0.582442754548,-7.65787836016,8.86168518512
SP1,all,PS,1140,proportional,H,0,114,0.165139110852,0.157894736842,0.0722747269175,0.219218388126,0.102272611876,0.235821122023,0.095652173913,0.223237376847,-0.724437401027,-6.95768446498,5.65824800798
SP1,all,PS,1140,proportional,H,1,114,0.254710296552,0.19298245614,0.219376483621,0.286434886164,0.131038921615,0.274942634447,0.129024273395,0.260162601626,-6.17278404115,-12.5844228741,0.551430002636
SP1,all,PS,1140,proportional,H,2,114,0.312463495647,0.333333333333,0.287521613725,0.340121070224,0.253480801307,0.424052043412,0.242705172937,0.422557416572,2.08698376867,-6.93182861283,11.0252596994
SP1,all,PS,1140,proportional,H,3,114,0.36442373367,0.342105263158,0.340181758663,0.387460286879,0.261442023596,0.433062776665,0.258613505747,0.433333333333,-2.23184705123,-10.7443778351,6.98548315109
SP1,all,PS,1140,proportional,H,4,114,0.41178935267,0.438596491228,0.387741780328,0.437907212782,0.350983809747,0.530212501466,0.352941176471,0.521748749519,2.68071385583,-5.87593140302,11.0944401631
SP1,all,PS,1140,proportional,H,5,114,0.460075280417,0.447368421053,0.437966458864,0.484133020365,0.359293952623,0.538874314131,0.355928129074,0.544642857143,-1.27068593648,-10.4728032254,8.36290478928
SP1,all,PS,1140,proportional,H,6,114,0.512362574167,0.508771929825,0.484333627538,0.542397942975,0.418224097905,0.598747857636,0.419047619048,0.59483292961,-0.359064434218,-9.23554493352,8.23736382025
SP1,all,PS,1140,proportional,H,7,114,0.568368313081,0.59649122807,0.543275678978,0.595100861151,0.504711580216,0.681979930736,0.509255050505,0.677165354331,2.81229149896,-5.90148125539,10.920527414
SP1,all,PS,1140,proportional,H,8,114,0.647811389202,0.684210526316,0.595128238749,0.701829881957,0.594065705891,0.762345360471,0.6,0.766150563733,3.6399137114,-4.70467414027,11.6389588367
SP1,all,PS,1140,proportional,H,9,114,0.767518120978,0.842105263158,0.702141317662,0.897719201326,0.764178877977,0.897727388124,0.774994369369,0.904772167488,7.45871421796,0.743039478236,13.8357933756
SP1,all,PS,1140,proportional,D,0,114,0.147534666936,0.114035087719,0.0745797490332,0.182767122013,0.0678652182125,0.18536873798,0.0565999695679,0.178571428571,-3.34995792169,-9.15085671898,3.0409489821
SP1,all,PS,1140,proportional,D,1,114,0.204342177146,0.157894736842,0.182836549603,0.225263515811,0.102272611876,0.235821122023,0.0909090909091,0.225,-4.64474403043,-11.363209362,2.01891724062
SP1,all,PS,1140,proportional,D,2,114,0.238207774343,0.30701754386,0.225332124755,0.247881162854,0.229791020952,0.396825957144,0.222222222222,0.389388664758,6.88097695163,-1.53438743462,15.1732240347
SP1,all,PS,1140,proportional,D,3,114,0.256797123703,0.210526315789,0.247907960207,0.263421133545,0.145752997695,0.294172469449,0.140182242991,0.282051282051,-4.62708079137,-11.6257410247,2.47643407732
SP1,all,PS,1140,proportional,D,4,114,0.270949767828,0.271929824561,0.263494390192,0.278028698189,0.198684570625,0.360044585307,0.184210526316,0.358980582524,0.0980056733867,-8.64950171801,8.77461220424
SP1,all,PS,1140,proportional,D,5,114,0.283235991218,0.298245614035,0.278092043812,0.289182446954,0.221961354803,0.387683667752,0.223117539027,0.381690250109,1.50096228173,-6.06227826267,9.81212415792
SP1,all,PS,1140,proportional,D,6,114,0.29470097245,0.324561403509,0.289246262847,0.300492610837,0.245551462357,0.415009426822,0.238938053097,0.410454424307,2.98604310589,-5.60790803688,11.5617765959
SP1,all,PS,1140,proportional,D,7,114,0.305264912907,0.315789473684,0.300560426017,0.310748606961,0.237654639529,0.405934294109,0.229983944954,0.412853514292,1.05245607776,-7.53277743663,10.7369985155
SP1,all,PS,1140,proportional,D,8,114,0.316557621988,0.289473684211,0.310883043878,0.323286635441,0.214166454634,0.37850661238,0.206101257297,0.373833807395,-2.70839377772,-11.0362086752,5.7079035666
SP1,all,PS,1140,proportional,D,9,114,0.336725391078,0.280701754386,0.323370437864,0.384494363052,0.206407205449,0.369293906024,0.210526315789,0.360009009009,-5.60236366923,-12.6321017746,2.2250232968
SP1,all,PS,1140,proportional,A,0,114,0.0797994053916,0.0350877192982,0.0277010496409,0.105484351017,0.0137279412345,0.0867584150886,0.00854700854701,0.0666666666667,-4.47116860934,-7.23322223314,-1.26074004522
SP1,all,PS,1140,proportional,A,1,114,0.133356964596,0.114035087719,0.105609184687,0.156161806209,0.0678652182125,0.18536873798,0.0655737704918,0.172736013986,-1.93218768772,-6.65462661195,3.80032286231
SP1,all,PS,1140,proportional,A,2,114,0.173676100526,0.184210526316,0.156205225132,0.188659409642,0.123760314506,0.265249286016,0.114583333333,0.252336448598,1.05344257901,-5.90522880041,7.95719757468
SP1,all,PS,1140,proportional,A,3,114,0.208291966,0.184210526316,0.18913997232,0.22506619594,0.123760314506,0.265249286016,0.107134188627,0.262795288653,-2.40814396838,-10.1261381638,5.51637141605
SP1,all,PS,1140,proportional,A,4,114,0.242644338259,0.219298245614,0.225366557649,0.263654178922,0.153183760806,0.303713661879,0.148514851485,0.288701363485,-2.33460926445,-9.36510146403,4.64510416643
SP1,all,PS,1140,proportional,A,5,114,0.279603921322,0.245614035088,0.263723082842,0.295394080479,0.175747336656,0.332065952653,0.169642857143,0.323529411765,-3.39898862341,-10.9451850785,4.27253593894
SP1,all,PS,1140,proportional,A,6,114,0.321975603893,0.30701754386,0.295511397601,0.349897690734,0.229791020952,0.396825957144,0.223140495868,0.398062548329,-1.4958060033,-9.9298950986,7.65513111155
SP1,all,PS,1140,proportional,A,7,114,0.381988651475,0.421052631579,0.350743787758,0.417677173001,0.334446155576,0.512806244554,0.330574919152,0.514032301969,3.90639801036,-4.90764581943,13.1847984561
SP1,all,PS,1140,proportional,A,8,114,0.457761610018,0.570175438596,0.41770873271,0.511048334043,0.478476792407,0.657298851921,0.480307086614,0.65811965812,11.2413828578,2.23703267274,19.9925720826
SP1,all,PS,1140,proportional,A,9,114,0.601923371688,0.605263157895,0.515782915464,0.785620405599,0.513512960495,0.690150505998,0.526304446461,0.684684684685,0.333978620716,-7.58839597811,8.25180259584
SP1,all,PS,1140,power,H,0,114,0.160705800971,0.157894736842,0.0645673475198,0.215744658058,0.102272611876,0.235821122023,0.095652173913,0.223237376847,-0.281106412875,-6.52209405497,6.10890857525
SP1,all,PS,1140,power,H,1,114,0.252767177634,0.19298245614,0.216585688557,0.28513098803,0.131038921615,0.274942634447,0.129024273395,0.260162601626,-5.97847214941,-12.3871391423,0.74660825061
SP1,all,PS,1140,power,H,2,114,0.311942586131,0.333333333333,0.286249595154,0.340247416327,0.253480801307,0.424052043412,0.242705172937,0.422557416572,2.13907472019,-6.88672133142,11.074404023
SP1,all,PS,1140,power,H,3,114,0.365152639256,0.342105263158,0.340347470251,0.388883385932,0.261442023596,0.433062776665,0.258613505747,0.433333333333,-2.30473760979,-10.8258178721,6.91144787861
SP1,all,PS,1140,power,H,4,114,0.413723894639,0.438596491228,0.389159033964,0.440698469627,0.350983809747,0.530212501466,0.35452020202,0.520837710084,2.48725965893,-5.89456068981,10.6537664772
SP1,all,PS,1140,power,H,5,114,0.463324219282,0.456140350877,0.440840531693,0.488026685063,0.367631415524,0.54750880677,0.366651785714,0.552392566783,-0.718386840476,-9.63603704664,8.76000550244
SP1,all,PS,1140,power,H,6,114,0.517251082628,0.5,0.488119099364,0.548452252057,0.409724679232,0.590275320768,0.414390592516,0.586221145626,-1.72510826282,-10.2894907008,6.95697121159
SP1,all,PS,1140,power,H,7,114,0.575309166879,0.587719298246,0.548851783655,0.602015399269,0.495938603274,0.673780952137,0.504127350817,0.669175892487,1.24101313662,-7.11064910411,9.26085498302
SP1,all,PS,1140,power,H,8,114,0.657602743367,0.69298245614,0.602120274417,0.714576501589,0.603174042856,0.770208979048,0.60975029036,0.770495563243,3.53797127729,-4.60577009,11.2497448161
SP1,all,PS,1140,power,H,9,114,0.783824267928,0.842105263158,0.715268535919,0.919216264789,0.764178877977,0.897727388124,0.774186535764,0.907580371598,5.82809952301,-1.11673133337,12.4394002477
SP1,all,PS,1140,power,D,0,114,0.138339186009,0.105263157895,0.0603655304848,0.17673470162,0.0612468775624,0.175015123089,0.0494968349294,0.165141405717,-3.30760281138,-8.9476047977,2.69642069406
SP1,all,PS,1140,power,D,1,114,0.198894242281,0.166666666667,0.177193529117,0.220974764144,0.109373854013,0.245691835427,0.0990099009901,0.238938053097,-3.22275756147,-9.91044211359,3.9684608555
SP1,all,PS,1140,power,D,2,114,0.234797092805,0.298245614035,0.220999504545,0.244562223726,0.221961354803,0.387683667752,0.215517241379,0.378388615889,6.34485212298,-1.92637319147,14.3295437438
SP1,all,PS,1140,power,D,3,114,0.254105332727,0.219298245614,0.244853267607,0.26119579822,0.153183760806,0.303713661879,0.147058823529,0.294657738095,-3.48070871128,-10.6718603729,4.09353190183
SP1,all,PS,1140,power,D,4,114,0.268914791956,0.289473684211,0.261375602537,0.27617560305,0.214166454634,0.37850661238,0.205107526882,0.372549019608,2.05588922545,-6.40893883209,10.3128386431
SP1,all,PS,1140,power,D,5,114,0.281743800193,0.289473684211,0.276244015756,0.287845837579,0.214166454634,0.37850661238,0.210526315789,0.375,0.772988401757,-7.13619557425,9.31552670462
SP1,all,PS,1140,power,D,6,114,0.2935423983,0.30701754386,0.287848415002,0.299696891664,0.229791020952,0.396825957144,0.224137931034,0.390479910714,1.34751455599,-6.94497654436,9.66787559774
SP1,all,PS,1140,power,D,7,114,0.304404565018,0.315789473684,0.299718354448,0.310056104674,0.237654639529,0.405934294109,0.228984197134,0.416016666667,1.13849086663,-7.55453402072,11.1833762019
SP1,all,PS,1140,power,D,8,114,0.316011528799,0.298245614035,0.31023167292,0.322882985287,0.221961354803,0.387683667752,0.212962962963,0.385321100917,-1.77659147639,-10.3053242933,6.91687394268
SP1,all,PS,1140,power,D,9,114,0.336710152272,0.280701754386,0.323001583666,0.385853004332,0.206407205449,0.369293906024,0.210526315789,0.360009009009,-5.60083978863,-12.6301967524,2.22383972533
SP1,all,PS,1140,power,A,0,114,0.0727625808012,0.0350877192982,0.0204182047266,0.099583992801,0.0137279412345,0.0867584150886,0.00854700854701,0.0666666666667,-3.7674861503,-6.54419320921,-0.528840057155
SP1,all,PS,1140,power,A,1,114,0.128275196963,0.114035087719,0.1000027801,0.151402272429,0.0678652182125,0.18536873798,0.0660261367151,0.173076923077,-1.42401092438,-6.12675232275,4.31533923106
SP1,all,PS,1140,power,A,2,114,0.169672481084,0.184210526316,0.151882426119,0.185390823087,0.123760314506,0.265249286016,0.114279448622,0.251970104347,1.45380452317,-5.53251944175,8.15249913018
SP1,all,PS,1140,power,A,3,114,0.20520810776,0.184210526316,0.185635808623,0.222489617879,0.123760314506,0.265249286016,0.107839366516,0.261271785804,-2.09975814438,-9.7358652813,5.673699692
SP1,all,PS,1140,power,A,4,114,0.240504028693,0.210526315789,0.223069044356,0.262060414207,0.145752997695,0.294172469449,0.139972222222,0.280009345794,-2.99777129033,-10.1108970756,3.91511810947
SP1,all,PS,1140,power,A,5,114,0.278322174745,0.254385964912,0.262206684157,0.29446109535,0.183353438187,0.341431806663,0.18,0.333333333333,-2.39362098324,-9.75911754738,5.42369704239
SP1,all,PS,1140,power,A,6,114,0.321696143523,0.30701754386,0.294743214009,0.350323650104,0.229791020952,0.396825957144,0.223140495868,0.398062548329,-1.4678599663,-9.8929979071,7.68340271698
SP1,all,PS,1140,power,A,7,114,0.383140779438,0.429824561404,0.351075969336,0.419588687927,0.342701148079,0.521523207593,0.34232036915,0.520669838183,4.66837819653,-3.85332609217,13.689399251
SP1,all,PS,1140,power,A,8,114,0.461021916096,0.561403508772,0.419886974123,0.516457308122,0.469787498534,0.649016190253,0.470064102564,0.650502370738,10.0381592676,0.977752760663,18.9717694061
SP1,all,PS,1140,power,A,9,114,0.610329921822,0.605263157895,0.520953473648,0.803520478564,0.513512960495,0.690150505998,0.526304446461,0.684684684685,-0.506676392694,-8.44086813437,7.40745541783
SP1,all,PS,1140,additive,H,0,114,0.160206293579,0.157894736842,0.0631738925511,0.215826852553,0.102272611876,0.235821122023,0.095652173913,0.223237376847,-0.231155673691,-6.47440112823,6.16130852471
SP1,all,PS,1140,additive,H,1,114,0.252634161329,0.19298245614,0.216652338993,0.285034921144,0.131038921615,0.274942634447,0.129024273395,0.260162601626,-5.96517051882,-12.3745154289,0.759111257652
SP1,all,PS,1140,additive,H,2,114,0.311940496877,0.333333333333,0.286193353065,0.340262786676,0.253480801307,0.424052043412,0.242705172937,0.422557416572,2.13928364568,-6.88595215838,11.0751386575
SP1,all,PS,1140,additive,H,3,114,0.365212260762,0.342105263158,0.340372377168,0.388989420048,0.261442023596,0.433062776665,0.258613505747,0.433333333333,-2.3106997604,-10.8323460274,6.90513781002
SP1,all,PS,1140,additive,H,4,114,0.413798608991,0.438596491228,0.389238250495,0.440744542893,0.350983809747,0.530212501466,0.35452020202,0.520837710084,2.47978822375,-5.90230339749,10.6467143879
SP1,all,PS,1140,additive,H,5,114,0.463376131678,0.456140350877,0.440902584828,0.488062804783,0.367631415524,0.54750880677,0.366651785714,0.552392566783,-0.723578080049,-9.64111036825,8.7547036566
SP1,all,PS,1140,additive,H,6,114,0.517213218364,0.5,0.488095421463,0.548351749344,0.409724679232,0.590275320768,0.414390592516,0.586221145626,-1.72132183643,-10.2862142615,6.95993626204
SP1,all,PS,1140,additive,H,7,114,0.575081699631,0.587719298246,0.548665771114,0.601715465617,0.495938603274,0.673780952137,0.504127350817,0.669175892487,1.26375986149,-7.08834446779,9.28371783187
SP1,all,PS,1140,additive,H,8,114,0.656975122391,0.69298245614,0.601859256297,0.71339423319,0.603174042856,0.770208979048,0.60975029036,0.770495563243,3.60073337492,-4.54556852802,11.3122632353
SP1,all,PS,1140,additive,H,9,114,0.781938490333,0.842105263158,0.71427815054,0.915452448786,0.764178877977,0.897727388124,0.774186535764,0.907580371598,6.01667728248,-0.929799107035,12.6030420372
SP1,all,PS,1140,additive,D,0,114,0.141347786226,0.105263157895,0.0664495997829,0.17851928054,0.0612468775624,0.175015123089,0.0495766156347,0.16532369146,-3.60846283317,-9.29447031894,2.43836763684
SP1,all,PS,1140,additive,D,1,114,0.200466091125,0.175438596491,0.178753984574,0.222193585206,0.116537589612,0.255500055368,0.10376545218,0.247787610619,-2.50274946334,-9.55925417315,4.67088755405
SP1,all,PS,1140,additive,D,2,114,0.235518486548,0.289473684211,0.222341723121,0.245428987689,0.214166454634,0.37850661238,0.208325,0.367926415094,5.39551976625,-2.66451346948,13.1939166903
SP1,all,PS,1140,additive,D,3,114,0.254656415259,0.219298245614,0.245615676296,0.261599680507,0.153183760806,0.303713661879,0.142857142857,0.299166666667,-3.53581696453,-11.2044105766,4.42593937125
SP1,all,PS,1140,additive,D,4,114,0.269265322123,0.280701754386,0.26161339809,0.27650805013,0.206407205449,0.369293906024,0.194669947625,0.366352529748,1.14364322625,-7.50794759087,9.73487461841
SP1,all,PS,1140,additive,D,5,114,0.281927871335,0.298245614035,0.276534136509,0.288011055105,0.221961354803,0.387683667752,0.220166703961,0.382140414862,1.63177427005,-6.22706072853,10.069803083
SP1,all,PS,1140,additive,D,6,114,0.293719637112,0.30701754386,0.288163259709,0.299679219301,0.229791020952,0.396825957144,0.222222222222,0.393706752565,1.32979067477,-7.13136442472,10.0181896029
SP1,all,PS,1140,additive,D,7,114,0.304533226617,0.324561403509,0.299738407647,0.310260810261,0.245551462357,0.415009426822,0.235847139132,0.424528301887,2.00281768922,-6.84211332111,11.9781441146
SP1,all,PS,1140,additive,D,8,114,0.316125653881,0.289473684211,0.310261581494,0.323076980255,0.214166454634,0.37850661238,0.206101257297,0.373833807395,-2.66519696708,-10.9937467737,5.74969885125
SP1,all,PS,1140,additive,D,9,114,0.336811662229,0.280701754386,0.323097604702,0.385926434351,0.206407205449,0.369293906024,0.210526315789,0.360009009009,-5.61099078433,-12.6420176725,2.21384382393
SP1,all,PS,1140,additive,A,0,114,0.0714456278518,0.0350877192982,0.0180979514313,0.0989220260893,0.0137279412345,0.0867584150886,0.00854700854701,0.0666666666667,-3.63579085535,-6.41348768902,-0.389838921515
SP1,all,PS,1140,additive,A,1,114,0.127522627334,0.114035087719,0.0994074628215,0.150695358045,0.0678652182125,0.18536873798,0.0660261367151,0.173076923077,-1.34875396144,-6.05043001604,4.38950266255
SP1,all,PS,1140,additive,A,2,114,0.169086059964,0.184210526316,0.151027089802,0.184894940737,0.123760314506,0.265249286016,0.114279448622,0.251970104347,1.51244663516,-5.47574720135,8.2145150317
SP1,all,PS,1140,additive,A,3,114,0.204873140845,0.184210526316,0.185123847926,0.222179769806,0.123760314506,0.265249286016,0.107839366516,0.261271785804,-2.06626145288,-9.7018845733,5.70908991974
SP1,all,PS,1140,additive,A,4,114,0.240294843521,0.210526315789,0.223040126552,0.261801610264,0.145752997695,0.294172469449,0.139972222222,0.280009345794,-2.9768527732,-10.0903030545,3.93526369604
SP1,all,PS,1140,additive,A,5,114,0.278224631326,0.254385964912,0.262098189956,0.294413314115,0.183353438187,0.341431806663,0.18,0.333333333333,-2.38386664142,-9.74897935523,5.43340850896
SP1,all,PS,1140,additive,A,6,114,0.321696428714,0.30701754386,0.294666240357,0.350362316663,0.229791020952,0.396825957144,0.223140495868,0.398062548329,-1.46788848546,-9.89256791067,7.68358513342
SP1,all,PS,1140,additive,A,7,114,0.383206372981,0.429824561404,0.3511249706,0.419656314296,0.342701148079,0.521523207593,0.34232036915,0.520669838183,4.66181884228,-3.85966136126,13.6830561898
SP1,all,PS,1140,additive,A,8,114,0.461053069883,0.561403508772,0.420000920548,0.516357530203,0.469787498534,0.649016190253,0.470064102564,0.650502370738,10.0350438889,0.973790916008,18.9682568196
SP1,all,PS,1140,additive,A,9,114,0.609848561191,0.605263157895,0.520875494762,0.801387707,0.513512960495,0.690150505998,0.526304446461,0.684684684685,-0.458540329638,-8.3901832908,7.45615702092
SP1,all,PS,1140,shin,H,0,114,0.161479293458,0.157894736842,0.0656064463635,0.21668894873,0.102272611876,0.235821122023,0.095652173913,0.223237376847,-0.358455661557,-6.59915485113,6.0314096258
SP1,all,PS,1140,shin,H,1,114,0.253163522151,0.19298245614,0.217502613986,0.28539256115,0.131038921615,0.274942634447,0.129024273395,0.260162601626,-6.01810660109,-12.4280444273,0.706168961658
SP1,all,PS,1140,shin,H,2,114,0.312073120392,0.333333333333,0.286531868618,0.340226757502,0.253480801307,0.424052043412,0.242705172937,0.422557416572,2.12602129415,-6.8975908128,11.0624802472
SP1,all,PS,1140,shin,H,3,114,0.365011368722,0.342105263158,0.340323568751,0.388599081224,0.261442023596,0.433062776665,0.258613505747,0.433333333333,-2.29061055643,-10.8099329163,6.92560913477
SP1,all,PS,1140,shin,H,4,114,0.413288660431,0.438596491228,0.388857046998,0.440130767351,0.350983809747,0.530212501466,0.35452020202,0.520837710084,2.53078307975,-5.8519651908,10.6978312769
SP1,all,PS,1140,shin,H,5,114,0.4625373845,0.456140350877,0.440140348884,0.486977776002,0.367631415524,0.54750880677,0.366651785714,0.552392566783,-0.639703362278,-9.5572928767,8.83895983397
SP1,all,PS,1140,shin,H,6,114,0.515981760909,0.5,0.487015156446,0.547073228043,0.409724679232,0.590275320768,0.413461538462,0.586221145626,-1.59817609088,-10.2389828764,7.06005027574
SP1,all,PS,1140,shin,H,7,114,0.573374871714,0.587719298246,0.547200926131,0.600115244168,0.495938603274,0.673780952137,0.503815359008,0.666666666667,1.43444265313,-7.05045750798,9.52794825512
SP1,all,PS,1140,shin,H,8,114,0.654648521259,0.69298245614,0.600285760385,0.710242233703,0.603174042856,0.770208979048,0.60975029036,0.770495563243,3.83339348818,-4.30851048364,11.5434950371
SP1,all,PS,1140,shin,H,9,114,0.778272183963,0.842105263158,0.711359934867,0.910945477673,0.764178877977,0.897727388124,0.774186535764,0.907580371598,6.3833079195,-0.568743340648,12.9471389221
SP1,all,PS,1140,shin,D,0,114,0.142818648398,0.105263157895,0.0681279775941,0.179499027231,0.0612468775624,0.175015123089,0.0495766156347,0.16532369146,-3.75554905037,-9.44114952518,2.29289306588
SP1,all,PS,1140,shin,D,1,114,0.201412964439,0.175438596491,0.179722985337,0.223020423748,0.116537589612,0.255500055368,0.10376545218,0.247787610619,-2.59743679479,-9.65400577901,4.57567866643
SP1,all,PS,1140,shin,D,2,114,0.236186815578,0.289473684211,0.223195826408,0.246059375904,0.214166454634,0.37850661238,0.208325,0.367926415094,5.32868686329,-2.73187250471,13.1275526031
SP1,all,PS,1140,shin,D,3,114,0.255189935791,0.219298245614,0.246168472049,0.261998894762,0.153183760806,0.303713661879,0.141507051649,0.299067417525,-3.58916901772,-11.3199623136,4.37375834344
SP1,all,PS,1140,shin,D,4,114,0.269685374458,0.280701754386,0.262039000142,0.276830980072,0.206407205449,0.369293906024,0.194684119961,0.367924528302,1.10163799275,-7.47437340056,9.82703392049
SP1,all,PS,1140,shin,D,5,114,0.282256435993,0.298245614035,0.277001650458,0.288287422304,0.221961354803,0.387683667752,0.220166703961,0.382140414862,1.59891780422,-6.25917193678,10.0363280413
SP1,all,PS,1140,shin,D,6,114,0.293965416167,0.30701754386,0.288414893732,0.299904292841,0.229791020952,0.396825957144,0.222222222222,0.393706752565,1.30521276926,-7.15621067043,9.99423207288
SP1,all,PS,1140,shin,D,7,114,0.304716223998,0.324561403509,0.299959525042,0.31038478463,0.245551462357,0.415009426822,0.235847139132,0.424528301887,1.98451795105,-6.86053252819,11.9598712339
SP1,all,PS,1140,shin,D,8,114,0.316233168641,0.289473684211,0.310418860002,0.323127438708,0.214166454634,0.37850661238,0.206101257297,0.373833807395,-2.67594844309,-11.00433346,5.73926222479
SP1,all,PS,1140,shin,D,9,114,0.336788003157,0.280701754386,0.323166778511,0.385561564318,0.206407205449,0.369293906024,0.210526315789,0.360009009009,-5.60862487709,-12.6392879217,2.21685105383
SP1,all,PS,1140,shin,A,0,114,0.0736784212412,0.0350877192982,0.0209265447333,0.10028513991,0.0137279412345,0.0867584150886,0.00854700854701,0.0666666666667,-3.8590701943,-6.62978709197,-0.62543524836
SP1,all,PS,1140,shin,A,1,114,0.12903391881,0.114035087719,0.101245981719,0.1521500904,0.0678652182125,0.18536873798,0.0660261367151,0.173076923077,-1.4998831091,-6.20191382157,4.24431766739
SP1,all,PS,1140,shin,A,2,114,0.170267608254,0.184210526316,0.152365845731,0.185844279693,0.123760314506,0.265249286016,0.114279448622,0.251970104347,1.39429180619,-5.59373226453,8.0928326426
SP1,all,PS,1140,shin,A,3,114,0.205749292433,0.184210526316,0.186257083561,0.222996412577,0.123760314506,0.265249286016,0.107839366516,0.261271785804,-2.15387661175,-9.79277951052,5.61906460674
SP1,all,PS,1140,shin,A,4,114,0.240894214435,0.210526315789,0.223825178156,0.262293813165,0.145752997695,0.294172469449,0.139972222222,0.280009345794,-3.03678986452,-10.1498708577,3.87512999335
SP1,all,PS,1140,shin,A,5,114,0.278575956231,0.254385964912,0.262493633079,0.294662809009,0.183353438187,0.341431806663,0.18,0.333333333333,-2.41899913186,-9.785025365,5.39853316538
SP1,all,PS,1140,shin,A,6,114,0.321767188641,0.30701754386,0.294881188654,0.350243696737,0.229791020952,0.396825957144,0.223140495868,0.398062548329,-1.47496447811,-9.9020389894,7.67637979279
SP1,all,PS,1140,shin,A,7,114,0.382896671869,0.429824561404,0.351027871741,0.419162142296,0.342701148079,0.521523207593,0.34232036915,0.520669838183,4.69278895344,-3.82851734559,13.7144314861
SP1,all,PS,1140,shin,A,8,114,0.460216720489,0.561403508772,0.419408919519,0.515008233779,0.469787498534,0.649016190253,0.470064102564,0.650502370738,10.1186788283,1.05516402012,19.0494874627
SP1,all,PS,1140,shin,A,9,114,0.607836333478,0.605263157895,0.519730972245,0.797378590411,0.513512960495,0.690150505998,0.526304446461,0.684684684685,-0.257317558294,-8.18661191252,7.65743254186
