league,season,operator,matches,method,definition,n_low,n_high,low_error_pp,high_error_pp,estimate,ci_low,ci_high,p_boot,bootstrap_valid,p_holm
E0,all,B365,1140,proportional,membership fixed by proportional probabilities,738,357,-0.850636358904,1.94668435004,2.79732070894,-3.49655023615,8.50806205639,0.374812593703,2000,1
E0,all,B365,1140,power,membership fixed by proportional probabilities,738,357,0.288776634194,-0.385322090103,-0.674098724297,-6.92541597711,5.03529370111,0.845077461269,2000,1
E0,all,B365,1140,additive,membership fixed by proportional probabilities,738,357,0.193121328232,-0.115011972045,-0.308133300276,-6.57255675164,5.40093281537,0.933533233383,2000,1
E0,all,B365,1140,shin,membership fixed by proportional probabilities,738,357,-0.076381609129,0.414277693711,0.49065930284,-5.78133630508,6.2032992858,0.891054472764,2000,1
E0,all,PS,1140,proportional,membership fixed by proportional probabilities,765,364,-0.679242833221,1.23223593882,1.91147877204,-4.05729301329,7.53661199445,0.550224887556,2000,1
E0,all,PS,1140,power,membership fixed by proportional probabilities,765,364,-0.0391551331581,-0.0867976003515,-0.0476424671934,-6.04400517158,5.58640989045,0.986506746627,2000,1
E0,all,PS,1140,additive,membership fixed by proportional probabilities,765,364,-0.0851109409088,0.0477310222705,0.132841963179,-5.84773374533,5.76705681151,0.967016491754,2000,1
E0,all,PS,1140,shin,membership fixed by proportional probabilities,765,364,-0.236331717911,0.348391294182,0.584723012093,-5.38449454121,6.21270854709,0.84307846077,2000,1
E0,2022-23,B365,380,proportional,membership fixed by proportional probabilities,227,111,-0.493491402015,-0.303947432443,0.189543969572,-10.9000465923,10.50365205,0.971514242879,2000,1
E0,2022-23,B365,380,power,membership fixed by proportional probabilities,227,111,0.614909522389,-2.5624716491,-3.17738117149,-14.3297687157,7.13849494608,0.567216391804,2000,1
E0,2022-23,B365,380,additive,membership fixed by proportional probabilities,227,111,0.541022667009,-2.31167933048,-2.85270199749,-13.9925006312,7.42200597108,0.608695652174,2000,1
E0,2022-23,B365,380,shin,membership fixed by proportional probabilities,227,111,0.273134270019,-1.79587530567,-2.06900957569,-13.1956204344,8.2150084936,0.708645677161,2000,1
E0,2022-23,PS,380,proportional,membership fixed by proportional probabilities,237,115,-0.13089645015,-0.370746390112,-0.239849939961,-10.7354902848,9.74818950619,0.968015992004,2000,1
E0,2022-23,PS,380,power,membership fixed by proportional probabilities,237,115,0.420873653512,-1.50742149641,-1.92829514992,-12.4072890016,8.07600739699,0.708645677161,2000,1
E0,2022-23,PS,380,additive,membership fixed by proportional probabilities,237,115,0.393714960099,-1.40190800497,-1.79562296506,-12.2799414085,8.20352409317,0.726636681659,2000,1
E0,2022-23,PS,380,shin,membership fixed by proportional probabilities,237,115,0.260225430738,-1.14046916189,-1.40069459262,-11.8876961396,8.59604789113,0.781609195402,2000,1
E0,2023-24,B365,380,proportional,membership fixed by proportional probabilities,264,127,-1.8148298368,6.11617691897,7.93100675577,-2.8177383216,18.3058538215,0.141429285357,2000,1
E0,2023-24,B365,380,power,membership fixed by proportional probabilities,264,127,-0.646548965538,3.73702403516,4.3835730007,-6.40114709368,14.8525807147,0.425287356322,2000,1
E0,2023-24,B365,380,additive,membership fixed by proportional probabilities,264,127,-0.761848399542,4.02728981919,4.78913821873,-5.98892909494,15.2414929004,0.380809595202,2000,1
E0,2023-24,B365,380,shin,membership fixed by proportional probabilities,264,127,-1.03304786657,4.56302279607,5.59607066264,-5.17450460003,16.0281220367,0.306346826587,2000,1
E0,2023-24,PS,380,proportional,membership fixed by proportional probabilities,276,130,-1.36866533338,5.06299944828,6.43166478166,-4.23691626138,16.7167516645,0.242378810595,2000,1
E0,2023-24,PS,380,power,membership fixed by proportional probabilities,276,130,-0.669918099096,3.62123042708,4.29114852618,-6.37303656654,14.604797862,0.436781609195,2000,1
E0,2023-24,PS,380,additive,membership fixed by proportional probabilities,276,130,-0.731936936706,3.7800477248,4.5119846615,-6.15767772159,14.820192085,0.420789605197,2000,1
E0,2023-24,PS,380,shin,membership fixed by proportional probabilities,276,130,-0.8939245448,4.10581160919,4.99973615399,-5.66970984401,15.3021272555,0.364817591204,2000,1
E0,2024-25,B365,380,proportional,membership fixed by proportional probabilities,247,119,-0.148307723469,-0.403781434817,-0.255473711348,-10.5817809444,10.0608352197,0.964517741129,2000,1
E0,2024-25,B365,380,power,membership fixed by proportional probabilities,247,119,0.988751503461,-2.75401416455,-3.74276566801,-13.9988174559,6.52720615264,0.490254872564,2000,1
E0,2024-25,B365,380,additive,membership fixed by proportional probabilities,247,119,0.894086527542,-2.48679559137,-3.38088211891,-13.6536233114,6.90402912418,0.538230884558,2000,1
E0,2024-25,B365,380,shin,membership fixed by proportional probabilities,247,119,0.624913076693,-1.95180335728,-2.57671643398,-12.8511360663,7.71388070032,0.631184407796,2000,1
E0,2024-25,PS,380,proportional,membership fixed by proportional probabilities,252,119,-0.439867764748,-1.40353119062,-0.963663425874,-10.3063082227,8.77047230833,0.858070964518,2000,1
E0,2024-25,PS,380,power,membership fixed by proportional probabilities,252,119,0.219034375405,-2.76471268876,-2.98374706416,-12.3237372292,6.70311604862,0.553223388306,2000,1
E0,2024-25,PS,380,additive,membership fixed by proportional probabilities,252,119,0.172993171398,-2.62867808022,-2.80167125162,-12.1463143258,6.89864122932,0.577211394303,2000,1
E0,2024-25,PS,380,shin,membership fixed by proportional probabilities,252,119,0.0168888217387,-2.31753886131,-2.33442768304,-11.6858522222,7.37442376565,0.646176911544,2000,1
SP1,all,B365,1140,proportional,membership fixed by proportional probabilities,609,261,-2.86755616182,5.79735670284,8.66491286466,1.37511545666,15.9901045615,0.0204897551224,2000,0.327836081959
SP1,all,B365,1140,power,membership fixed by proportional probabilities,609,261,-1.79248446589,3.49513609638,5.28762056227,-2.0097286317,12.6263449572,0.150924537731,2000,1
SP1,all,B365,1140,additive,membership fixed by proportional probabilities,609,261,-1.82753506208,3.74605890829,5.57359397037,-1.72131990464,12.9067628269,0.132933533233,2000,1
SP1,all,B365,1140,shin,membership fixed by proportional probabilities,609,261,-2.09842671776,4.27350543136,6.37193214911,-0.921842539971,13.7030752228,0.0844577711144,2000,0.929035482259
SP1,all,PS,1140,proportional,membership fixed by proportional probabilities,628,265,-2.81637244616,5.72063039513,8.5370028413,1.33698159274,15.7240715398,0.0214892553723,2000,0.327836081959
SP1,all,PS,1140,power,membership fixed by proportional probabilities,628,265,-2.22285038181,4.42950422487,6.65235460669,-0.556338952021,13.87996312,0.0694652673663,2000,0.833583208396
SP1,all,PS,1140,additive,membership fixed by proportional probabilities,628,265,-2.23316627254,4.55206677907,6.78523305161,-0.410848079491,14.0059774256,0.063968015992,2000,0.831584207896
SP1,all,PS,1140,shin,membership fixed by proportional probabilities,628,265,-2.38232076131,4.84893919672,7.23125995803,0.0364716992485,14.4435231889,0.0499750124938,2000,0.699650174913
SP1,2022-23,B365,380,proportional,membership fixed by proportional probabilities,193,85,0.547897195132,3.89568146603,3.3477842709,-8.46990874466,14.1280979572,0.580709645177,2000,1
SP1,2022-23,B365,380,power,membership fixed by proportional probabilities,193,85,1.63673481746,1.57370989874,-0.0630249187201,-11.8793650658,10.5828299672,0.992003998001,2000,1
SP1,2022-23,B365,380,additive,membership fixed by proportional probabilities,193,85,1.602863782,1.82385608174,0.220992299733,-11.5792581177,10.9085270004,0.975012493753,2000,1
SP1,2022-23,B365,380,shin,membership fixed by proportional probabilities,193,85,1.32771651867,2.35710814056,1.0293916219,-10.7797224476,11.7403180172,0.878060969515,2000,1
SP1,2022-23,PS,380,proportional,membership fixed by proportional probabilities,197,86,0.15400104316,4.72243386895,4.5684328258,-7.33806520976,15.3483023289,0.44327836082,2000,1
SP1,2022-23,PS,380,power,membership fixed by proportional probabilities,197,86,0.658850882115,3.63373837171,2.97488748959,-8.84927437926,13.6987342221,0.603698150925,2000,1
SP1,2022-23,PS,380,additive,membership fixed by proportional probabilities,197,86,0.656565108223,3.73043587242,3.0738707642,-8.77198248581,13.7996857261,0.592203898051,2000,1
SP1,2022-23,PS,380,shin,membership fixed by proportional probabilities,197,86,0.528312873219,3.98196774652,3.4536548733,-8.40749527061,14.2103291183,0.55772113943,2000,1
SP1,2023-24,B365,380,proportional,membership fixed by proportional probabilities,188,84,-5.94375654023,6.16863737507,12.1123939153,-0.330182888524,24.4709491707,0.0569715142429,2000,0.911544227886
SP1,2023-24,B365,380,power,membership fixed by proportional probabilities,188,84,-4.92875121949,4.05126169032,8.98001290981,-3.54332511559,21.3428776863,0.170914542729,2000,1
SP1,2023-24,B365,380,additive,membership fixed by proportional probabilities,188,84,-4.95404231805,4.26752184909,9.22156416713,-3.30255644942,21.583923481,0.157421289355,2000,1
SP1,2023-24,B365,380,shin,membership fixed by proportional probabilities,188,84,-5.21152873201,4.75569021868,9.96721895069,-2.53610730271,22.3285955588,0.127436281859,2000,1
SP1,2023-24,PS,380,proportional,membership fixed by proportional probabilities,199,86,-5.09407068939,5.90149470551,10.9955653949,-1.61832744653,23.2351882564,0.0864567716142,2000,1
SP1,2023-24,PS,380,power,membership fixed by proportional probabilities,199,86,-4.49171733128,4.60753718894,9.09925452022,-3.53948597003,21.4377816809,0.165417291354,2000,1
SP1,2023-24,PS,380,additive,membership fixed by proportional probabilities,199,86,-4.49947567435,4.72630157086,9.22577724522,-3.40455806981,21.5380650319,0.16091954023,2000,1
SP1,2023-24,PS,380,shin,membership fixed by proportional probabilities,199,86,-4.65163622351,5.02488939048,9.67652561399,-2.94989501876,21.9609222345,0.141929035482,2000,1
SP1,2024-25,B365,380,proportional,membership fixed by proportional probabilities,228,92,-3.22219136687,7.2153438622,10.4375352291,-3.23941075995,23.663213514,0.122938530735,2000,1
SP1,2024-25,B365,380,power,membership fixed by proportional probabilities,228,92,-2.10924399225,4.76259997581,6.87184396807,-6.79684575878,20.0615433622,0.311344327836,2000,1
SP1,2024-25,B365,380,additive,membership fixed by proportional probabilities,228,92,-2.15334038132,5.04588883471,7.19922921603,-6.47571168264,20.4180822342,0.290854572714,2000,1
SP1,2024-25,B365,380,shin,membership fixed by proportional probabilities,228,92,-2.43168314737,5.60383420942,8.03551735679,-5.64416201027,21.271963071,0.238380809595,2000,1
SP1,2024-25,PS,380,proportional,membership fixed by proportional probabilities,232,93,-3.38491394183,6.47644298179,9.86135692361,-3.36493008682,22.7357800758,0.148425787106,2000,1
SP1,2024-25,PS,380,power,membership fixed by proportional probabilities,232,93,-2.72367204583,5.00074109005,7.72441313588,-5.54685747698,20.6119651771,0.247876061969,2000,1
SP1,2024-25,PS,380,additive,membership fixed by proportional probabilities,232,93,-2.7430003719,5.15073415409,7.89373452598,-5.38021176228,20.78189157,0.24187906047,2000,1
SP1,2024-25,PS,380,shin,membership fixed by proportional probabilities,232,93,-2.90732528296,5.48794810052,8.39527338348,-4.8833981373,21.2797328696,0.212393803098,2000,1
