league,season,operator,matches,method,outcome,requested_groups,groups,hl,p_hl,spiegelhalter_z,p_spiegelhalter
E0,all,B365,1140,proportional,H,10,10,8.05842683261,0.623129805291,-1.09385564149,0.274018296198
E0,all,B365,1140,proportional,H,5,5,5.92307960763,0.313775722103,-1.09385564149,0.274018296198
E0,all,B365,1140,proportional,H,15,15,15.759454702,0.39821613256,-1.09385564149,0.274018296198
E0,all,B365,1140,proportional,H,20,20,17.6134809539,0.612853484572,-1.09385564149,0.274018296198
E0,all,B365,1140,proportional,D,10,10,6.16815550416,0.800943159811,-0.279094998233,0.780171921517
E0,all,B365,1140,proportional,D,5,5,3.85815312223,0.57001399158,-0.279094998233,0.780171921517
E0,all,B365,1140,proportional,D,15,15,11.8396267814,0.691125302949,-0.279094998233,0.780171921517
E0,all,B365,1140,proportional,D,20,20,13.5367398761,0.853186667984,-0.279094998233,0.780171921517
E0,all,B365,1140,proportional,A,10,10,7.23366175652,0.703217045309,-1.43133601027,0.152333938133
E0,all,B365,1140,proportional,A,5,5,2.47890790908,0.779668177788,-1.43133601027,0.152333938133
E0,all,B365,1140,proportional,A,15,15,8.13950148215,0.918068108698,-1.43133601027,0.152333938133
E0,all,B365,1140,proportional,A,20,20,17.55517975,0.616684875253,-1.43133601027,0.152333938133
E0,all,B365,1140,power,H,10,10,7.17937272951,0.708409506703,-0.312564171287,0.754611802277
E0,all,B365,1140,power,H,5,5,5.7418590116,0.33215291898,-0.312564171287,0.754611802277
E0,all,B365,1140,power,H,15,15,14.6037912913,0.480314984407,-0.312564171287,0.754611802277
E0,all,B365,1140,power,H,20,20,16.0314414089,0.714671775703,-0.312564171287,0.754611802277
E0,all,B365,1140,power,D,10,10,4.5041437803,0.92175250772,0.342068842417,0.732299084757
E0,all,B365,1140,power,D,5,5,2.74253866354,0.739605044676,0.342068842417,0.732299084757
E0,all,B365,1140,power,D,15,15,10.2841291797,0.801496979654,0.342068842417,0.732299084757
E0,all,B365,1140,power,D,20,20,13.4037795496,0.859395447697,0.342068842417,0.732299084757
E0,all,B365,1140,power,A,10,10,5.45767942983,0.858586452849,-0.805013636272,0.420811810843
E0,all,B365,1140,power,A,5,5,0.66010466669,0.985086272162,-0.805013636272,0.420811810843
E0,all,B365,1140,power,A,15,15,6.45150350573,0.971125550512,-0.805013636272,0.420811810843
E0,all,B365,1140,power,A,20,20,12.55489238,0.89565509975,-0.805013636272,0.420811810843
E0,all,B365,1140,additive,H,10,10,7.05197592234,0.72052916737,-0.382052533763,0.702422398509
E0,all,B365,1140,additive,H,5,5,5.66061393101,0.340655149743,-0.382052533763,0.702422398509
E0,all,B365,1140,additive,H,15,15,14.5784494329,0.482186248101,-0.382052533763,0.702422398509
E0,all,B365,1140,additive,H,20,20,15.9903605341,0.717222095901,-0.382052533763,0.702422398509
E0,all,B365,1140,additive,D,10,10,6.37375454608,0.782945718498,0.211593652564,0.832424061734
E0,all,B365,1140,additive,D,5,5,3.82650351112,0.574655896917,0.211593652564,0.832424061734
E0,all,B365,1140,additive,D,15,15,11.5105527691,0.715634361619,0.211593652564,0.832424061734
E0,all,B365,1140,additive,D,20,20,13.5961258843,0.850368951503,0.211593652564,0.832424061734
E0,all,B365,1140,additive,A,10,10,5.85634413735,0.827184665622,-0.789875084347,0.429600723612
E0,all,B365,1140,additive,A,5,5,0.854501337106,0.973427629173,-0.789875084347,0.429600723612
E0,all,B365,1140,additive,A,15,15,6.42983608089,0.971588387901,-0.789875084347,0.429600723612
E0,all,B365,1140,additive,A,20,20,13.7807065141,0.841438245007,-0.789875084347,0.429600723612
E0,all,B365,1140,shin,H,10,10,7.08155973127,0.717723437692,-0.575553671757,0.564916902914
E0,all,B365,1140,shin,H,5,5,5.75519228388,0.330773221653,-0.575553671757,0.564916902914
E0,all,B365,1140,shin,H,15,15,14.8178659956,0.464614574018,-0.575553671757,0.564916902914
E0,all,B365,1140,shin,H,20,20,16.2868178849,0.698678687823,-0.575553671757,0.564916902914
E0,all,B365,1140,shin,D,10,10,6.26665135117,0.792384882897,0.0891683069669,0.928948152395
E0,all,B365,1140,shin,D,5,5,3.78085586217,0.58137871088,0.0891683069669,0.928948152395
E0,all,B365,1140,shin,D,15,15,11.4504824389,0.720056029611,0.0891683069669,0.928948152395
E0,all,B365,1140,shin,D,20,20,13.2563799011,0.866114844619,0.0891683069669,0.928948152395
E0,all,B365,1140,shin,A,10,10,6.00069480399,0.815204866716,-0.966916715004,0.333585669982
E0,all,B365,1140,shin,A,5,5,1.16963993406,0.947756630057,-0.966916715004,0.333585669982
E0,all,B365,1140,shin,A,15,15,6.71515784757,0.965077269367,-0.966916715004,0.333585669982
E0,all,B365,1140,shin,A,20,20,14.0290266325,0.829021173131,-0.966916715004,0.333585669982
E0,all,PS,1140,proportional,H,10,10,11.1014811521,0.349666562292,-0.741509815714,0.458384382447
E0,all,PS,1140,proportional,H,5,5,5.00827147434,0.414871558888,-0.741509815714,0.458384382447
E0,all,PS,1140,proportional,H,15,15,13.2320140982,0.584382571146,-0.741509815714,0.458384382447
E0,all,PS,1140,proportional,H,20,20,20.6301114629,0.419183892021,-0.741509815714,0.458384382447
E0,all,PS,1140,proportional,D,10,10,6.98196972459,0.72714601891,-0.245093075124,0.806384364687
E0,all,PS,1140,proportional,D,5,5,1.76059314733,0.881179361766,-0.245093075124,0.806384364687
E0,all,PS,1140,proportional,D,15,15,15.6843412882,0.403334993847,-0.245093075124,0.806384364687
E0,all,PS,1140,proportional,D,20,20,19.3146684507,0.501464918225,-0.245093075124,0.806384364687
E0,all,PS,1140,proportional,A,10,10,4.84413401793,0.901343719973,-1.0459501613,0.295584043301
E0,all,PS,1140,proportional,A,5,5,1.27203121156,0.937783160408,-1.0459501613,0.295584043301
E0,all,PS,1140,proportional,A,15,15,10.536604623,0.784699009178,-1.0459501613,0.295584043301
E0,all,PS,1140,proportional,A,20,20,9.70546197391,0.973203673861,-1.0459501613,0.295584043301
E0,all,PS,1140,power,H,10,10,10.2599019225,0.417994835036,-0.284908462324,0.775714272568
E0,all,PS,1140,power,H,5,5,4.91869719581,0.425882945826,-0.284908462324,0.775714272568
E0,all,PS,1140,power,H,15,15,11.8738552999,0.688551084122,-0.284908462324,0.775714272568
E0,all,PS,1140,power,H,20,20,19.1337474629,0.513148191137,-0.284908462324,0.775714272568
E0,all,PS,1140,power,D,10,10,7.01031510995,0.724470786141,0.0986457403723,0.921419551541
E0,all,PS,1140,power,D,5,5,2.17635319801,0.824244172156,0.0986457403723,0.921419551541
E0,all,PS,1140,power,D,15,15,15.123880134,0.442531249254,0.0986457403723,0.921419551541
E0,all,PS,1140,power,D,20,20,22.9444813035,0.291528848046,0.0986457403723,0.921419551541
E0,all,PS,1140,power,A,10,10,4.51232008627,0.921290902473,-0.694695296898,0.487246276055
E0,all,PS,1140,power,A,5,5,0.506926522592,0.991867475713,-0.694695296898,0.487246276055
E0,all,PS,1140,power,A,15,15,10.4553455117,0.79016268658,-0.694695296898,0.487246276055
E0,all,PS,1140,power,A,20,20,9.47505547759,0.976723304355,-0.694695296898,0.487246276055
E0,all,PS,1140,additive,H,10,10,10.1753716577,0.42524449743,-0.317803473302,0.750634015882
E0,all,PS,1140,additive,H,5,5,4.90152511924,0.428016144931,-0.317803473302,0.750634015882
E0,all,PS,1140,additive,H,15,15,11.8050485474,0.693721441746,-0.317803473302,0.750634015882
E0,all,PS,1140,additive,H,20,20,19.0991889578,0.515387283694,-0.317803473302,0.750634015882
E0,all,PS,1140,additive,D,10,10,6.8470378363,0.739802311305,0.0236052493217,0.981167484966
E0,all,PS,1140,additive,D,5,5,1.67365155258,0.892202351316,0.0236052493217,0.981167484966
E0,all,PS,1140,additive,D,15,15,14.0049646702,0.525152629815,0.0236052493217,0.981167484966
E0,all,PS,1140,additive,D,20,20,21.5925819126,0.363020985535,0.0236052493217,0.981167484966
E0,all,PS,1140,additive,A,10,10,4.55523389372,0.918844219698,-0.675086587391,0.499620754606
E0,all,PS,1140,additive,A,5,5,0.477951600365,0.992908384226,-0.675086587391,0.499620754606
E0,all,PS,1140,additive,A,15,15,10.4996798992,0.787188305289,-0.675086587391,0.499620754606
E0,all,PS,1140,additive,A,20,20,9.53432020952,0.975851811805,-0.675086587391,0.499620754606
E0,all,PS,1140,shin,H,10,10,10.1966553724,0.42341286532,-0.428946299699,0.667962304981
E0,all,PS,1140,shin,H,5,5,5.00300728811,0.415513283362,-0.428946299699,0.667962304981
E0,all,PS,1140,shin,H,15,15,11.902963159,0.686358678542,-0.428946299699,0.667962304981
E0,all,PS,1140,shin,H,20,20,19.1674913302,0.510964090531,-0.428946299699,0.667962304981
E0,all,PS,1140,shin,D,10,10,6.80011482708,0.744170978405,-0.0430038118213,0.965698495272
E0,all,PS,1140,shin,D,5,5,1.67784927061,0.891678471849,-0.0430038118213,0.965698495272
E0,all,PS,1140,shin,D,15,15,15.2414076868,0.434172042599,-0.0430038118213,0.965698495272
E0,all,PS,1140,shin,D,20,20,21.5839544855,0.363506213316,-0.0430038118213,0.965698495272
E0,all,PS,1140,shin,A,10,10,4.58942599878,0.916866134651,-0.773729310008,0.439090883412
E0,all,PS,1140,shin,A,5,5,0.614960964774,0.987308004896,-0.773729310008,0.439090883412
E0,all,PS,1140,shin,A,15,15,10.6406249163,0.77762904094,-0.773729310008,0.439090883412
E0,all,PS,1140,shin,A,20,20,9.60707971352,0.974750074316,-0.773729310008,0.439090883412
SP1,all,B365,1140,proportional,H,10,10,8.9616432287,0.535747617147,-2.26736940432,0.0233676689038
SP1,all,B365,1140,proportional,H,5,5,7.09106082011,0.213955618228,-2.26736940432,0.0233676689038
SP1,all,B365,1140,proportional,H,15,15,18.2494143054,0.249780242722,-2.26736940432,0.0233676689038
SP1,all,B365,1140,proportional,H,20,20,19.7318311103,0.474813394434,-2.26736940432,0.0233676689038
SP1,all,B365,1140,proportional,D,10,10,6.44712048491,0.776404372199,-0.583346447598,0.559660100629
SP1,all,B365,1140,proportional,D,5,5,5.43353397624,0.365289176988,-0.583346447598,0.559660100629
SP1,all,B365,1140,proportional,D,15,15,12.0814421497,0.67285432497,-0.583346447598,0.559660100629
SP1,all,B365,1140,proportional,D,20,20,13.8019742433,0.840392647067,-0.583346447598,0.559660100629
SP1,all,B365,1140,proportional,A,10,10,14.2065693845,0.163776146402,-1.872760662,0.0611014423802
SP1,all,B365,1140,proportional,A,5,5,8.92979466601,0.111897391569,-1.872760662,0.0611014423802
SP1,all,B365,1140,proportional,A,15,15,19.6827078415,0.184445182015,-1.872760662,0.0611014423802
SP1,all,B365,1140,proportional,A,20,20,24.7013639487,0.213095820729,-1.872760662,0.0611014423802
SP1,all,B365,1140,power,H,10,10,5.38320121756,0.864155291693,-1.71495915274,0.0863527161963
SP1,all,B365,1140,power,H,5,5,3.63294191297,0.603374095638,-1.71495915274,0.0863527161963
SP1,all,B365,1140,power,H,15,15,12.9067649806,0.609499301447,-1.71495915274,0.0863527161963
SP1,all,B365,1140,power,H,20,20,15.4234341315,0.751687770044,-1.71495915274,0.0863527161963
SP1,all,B365,1140,power,D,10,10,6.74847548177,0.748957859653,-0.112895810994,0.910113157442
SP1,all,B365,1140,power,D,5,5,4.67780871611,0.456451196765,-0.112895810994,0.910113157442
SP1,all,B365,1140,power,D,15,15,12.3136163989,0.655152337414,-0.112895810994,0.910113157442
SP1,all,B365,1140,power,D,20,20,16.7401977863,0.669773524559,-0.112895810994,0.910113157442
SP1,all,B365,1140,power,A,10,10,11.3593938412,0.330211779285,-1.38375506146,0.166433467442
SP1,all,B365,1140,power,A,5,5,5.98542781463,0.307639439235,-1.38375506146,0.166433467442
SP1,all,B365,1140,power,A,15,15,17.0087994731,0.318338643834,-1.38375506146,0.166433467442
SP1,all,B365,1140,power,A,20,20,20.3474895726,0.436389873632,-1.38375506146,0.166433467442
SP1,all,B365,1140,additive,H,10,10,5.61029414453,0.846873576064,-1.75375634188,0.07947226679
SP1,all,B365,1140,additive,H,5,5,3.84891749876,0.571366871798,-1.75375634188,0.07947226679
SP1,all,B365,1140,additive,H,15,15,13.2627552214,0.582010792005,-1.75375634188,0.07947226679
SP1,all,B365,1140,additive,H,20,20,15.3987429356,0.753155017206,-1.75375634188,0.07947226679
SP1,all,B365,1140,additive,D,10,10,6.00297156889,0.815013524357,-0.230859141074,0.817424234022
SP1,all,B365,1140,additive,D,5,5,4.83221932287,0.436697811523,-0.230859141074,0.817424234022
SP1,all,B365,1140,additive,D,15,15,11.5000700685,0.71640723463,-0.230859141074,0.817424234022
SP1,all,B365,1140,additive,D,20,20,14.2219354435,0.819067317199,-0.230859141074,0.817424234022
SP1,all,B365,1140,additive,A,10,10,11.1557166755,0.345515690122,-1.33662471728,0.181345166687
SP1,all,B365,1140,additive,A,5,5,5.84565622509,0.32152815899,-1.33662471728,0.181345166687
SP1,all,B365,1140,additive,A,15,15,16.8091356531,0.330401781143,-1.33662471728,0.181345166687
SP1,all,B365,1140,additive,A,20,20,21.964224486,0.342455072931,-1.33662471728,0.181345166687
SP1,all,B365,1140,shin,H,10,10,6.36343389818,0.783861089676,-1.89553777498,0.0580211921297
SP1,all,B365,1140,shin,H,5,5,4.57838257555,0.46946510341,-1.89553777498,0.0580211921297
SP1,all,B365,1140,shin,H,15,15,13.8923579532,0.533708166109,-1.89553777498,0.0580211921297
SP1,all,B365,1140,shin,H,20,20,16.8035220816,0.665692463594,-1.89553777498,0.0580211921297
SP1,all,B365,1140,shin,D,10,10,6.19556643506,0.798573618327,-0.317738642232,0.750683196735
SP1,all,B365,1140,shin,D,5,5,5.12944488467,0.40028783826,-0.317738642232,0.750683196735
SP1,all,B365,1140,shin,D,15,15,12.7584113495,0.62095195839,-0.317738642232,0.750683196735
SP1,all,B365,1140,shin,D,20,20,13.5357215284,0.853234747234,-0.317738642232,0.750683196735
SP1,all,B365,1140,shin,A,10,10,11.9049222636,0.291470115642,-1.48500257297,0.13754314253
SP1,all,B365,1140,shin,A,5,5,6.60452378418,0.251752168931,-1.48500257297,0.13754314253
SP1,all,B365,1140,shin,A,15,15,17.5173360763,0.28888947881,-1.48500257297,0.13754314253
SP1,all,B365,1140,shin,A,20,20,22.6590915726,0.30584218939,-1.48500257297,0.13754314253
SP1,all,PS,1140,proportional,H,10,10,7.80993232173,0.647396325125,-1.89031556586,0.0587157681981
SP1,all,PS,1140,proportional,H,5,5,5.21358342115,0.390374298048,-1.89031556586,0.0587157681981
SP1,all,PS,1140,proportional,H,15,15,14.3598351871,0.498432001167,-1.89031556586,0.0587157681981
SP1,all,PS,1140,proportional,H,20,20,21.1137367591,0.390465491015,-1.89031556586,0.0587157681981
SP1,all,PS,1140,proportional,D,10,10,9.44745149446,0.490229114142,-0.732096348941,0.464109762132
SP1,all,PS,1140,proportional,D,5,5,4.97367258135,0.41910167677,-0.732096348941,0.464109762132
SP1,all,PS,1140,proportional,D,15,15,16.5221748588,0.348221154801,-0.732096348941,0.464109762132
SP1,all,PS,1140,proportional,D,20,20,14.5936063513,0.799170229853,-0.732096348941,0.464109762132
SP1,all,PS,1140,proportional,A,10,10,11.6157577044,0.311594976017,-1.41294305492,0.157672468295
SP1,all,PS,1140,proportional,A,5,5,6.70450736913,0.243560167895,-1.41294305492,0.157672468295
SP1,all,PS,1140,proportional,A,15,15,32.3456345517,0.00577535419155,-1.41294305492,0.157672468295
SP1,all,PS,1140,proportional,A,20,20,22.2694228969,0.326071809125,-1.41294305492,0.157672468295
SP1,all,PS,1140,power,H,10,10,6.10936279181,0.805992851235,-1.56829732091,0.116811760885
SP1,all,PS,1140,power,H,5,5,3.92452176008,0.560333441969,-1.56829732091,0.116811760885
SP1,all,PS,1140,power,H,15,15,12.6763823809,0.627278194671,-1.56829732091,0.116811760885
SP1,all,PS,1140,power,H,20,20,16.9161791044,0.658409607508,-1.56829732091,0.116811760885
SP1,all,PS,1140,power,D,10,10,7.28846620757,0.697960121609,-0.479664885932,0.631465700098
SP1,all,PS,1140,power,D,5,5,3.7949639249,0.579297475825,-0.479664885932,0.631465700098
SP1,all,PS,1140,power,D,15,15,11.3831680335,0.724989576201,-0.479664885932,0.631465700098
SP1,all,PS,1140,power,D,20,20,11.9557297953,0.917591298045,-0.479664885932,0.631465700098
SP1,all,PS,1140,power,A,10,10,9.7693511789,0.460956742157,-1.13811934911,0.255070649625
SP1,all,PS,1140,power,A,5,5,4.91491807187,0.426351795431,-1.13811934911,0.255070649625
SP1,all,PS,1140,power,A,15,15,29.5413081751,0.0136873155483,-1.13811934911,0.255070649625
SP1,all,PS,1140,power,A,20,20,21.3078886627,0.379213866001,-1.13811934911,0.255070649625
SP1,all,PS,1140,additive,H,10,10,6.25753747079,0.793181819731,-1.58580590215,0.112783346417
SP1,all,PS,1140,additive,H,5,5,4.02502425295,0.545818725911,-1.58580590215,0.112783346417
SP1,all,PS,1140,additive,H,15,15,12.7805980918,0.619239957317,-1.58580590215,0.112783346417
SP1,all,PS,1140,additive,H,20,20,17.0346240562,0.650724237801,-1.58580590215,0.112783346417
SP1,all,PS,1140,additive,D,10,10,6.78284110796,0.745774706324,-0.54767224095,0.58391697592
SP1,all,PS,1140,additive,D,5,5,3.90633168968,0.562979304203,-0.54767224095,0.58391697592
SP1,all,PS,1140,additive,D,15,15,12.1595313827,0.66691579735,-0.54767224095,0.58391697592
SP1,all,PS,1140,additive,D,20,20,12.4149305778,0.901054536867,-0.54767224095,0.58391697592
SP1,all,PS,1140,additive,A,10,10,9.60920254952,0.475421510518,-1.10169311506,0.27059511117
SP1,all,PS,1140,additive,A,5,5,4.80156968537,0.440573858303,-1.10169311506,0.27059511117
SP1,all,PS,1140,additive,A,15,15,28.0701907573,0.0211337752778,-1.10169311506,0.27059511117
SP1,all,PS,1140,additive,A,20,20,21.1779172939,0.386727800527,-1.10169311506,0.27059511117
SP1,all,PS,1140,shin,H,10,10,6.65777870044,0.757309332198,-1.66616771563,0.0956800142711
SP1,all,PS,1140,shin,H,5,5,4.42320819839,0.490223187554,-1.66616771563,0.0956800142711
SP1,all,PS,1140,shin,H,15,15,13.1808790304,0.588329185776,-1.66616771563,0.0956800142711
SP1,all,PS,1140,shin,H,20,20,18.4713294752,0.556389580098,-1.66616771563,0.0956800142711
SP1,all,PS,1140,shin,D,10,10,6.86115533854,0.738484512586,-0.592985357175,0.553190951829
SP1,all,PS,1140,shin,D,5,5,3.98878733796,0.551031433256,-0.592985357175,0.553190951829
SP1,all,PS,1140,shin,D,15,15,13.7511514559,0.544480001834,-0.592985357175,0.553190951829
SP1,all,PS,1140,shin,D,20,20,12.1299763332,0.911529620156,-0.592985357175,0.553190951829
SP1,all,PS,1140,shin,A,10,10,9.98100525348,0.442161343873,-1.18445831415,0.236231688279
SP1,all,PS,1140,shin,A,5,5,5.18733353382,0.393448365275,-1.18445831415,0.236231688279
SP1,all,PS,1140,shin,A,15,15,28.3276106764,0.0196060075872,-1.18445831415,0.236231688279
SP1,all,PS,1140,shin,A,20,20,21.5488917818,0.365481799362,-1.18445831415,0.236231688279
