season,operator,method,metric,comparison,estimate,ci_low,ci_high,p_boot,bootstrap_valid,p_holm
all,B365,proportional,error_slope,LaLiga minus Premier,0.865670916503,-0.575492329832,2.47413367201,0.264867566217,2000,1
all,B365,proportional,extreme_gap,LaLiga minus Premier,5.86759215572,-3.60050692042,15.7828319937,0.229885057471,2000,1
all,B365,proportional,rps_skill,LaLiga minus Premier,-0.0212302459002,-0.0620414278873,0.026174890883,0.333333333333,2000,1
all,B365,power,error_slope,LaLiga minus Premier,0.821994703262,-0.534485547257,2.33267255474,0.263368315842,2000,1
all,B365,power,extreme_gap,LaLiga minus Premier,5.96171928657,-3.49709691688,15.8787588097,0.220889555222,2000,1
all,B365,power,rps_skill,LaLiga minus Premier,-0.0198048540081,-0.0630146864581,0.0303700080582,0.394302848576,2000,1
all,B365,additive,error_slope,LaLiga minus Premier,0.812488783036,-0.553388872765,2.33031037921,0.268365817091,2000,1
all,B365,additive,extreme_gap,LaLiga minus Premier,5.88172727065,-3.58155072801,15.7870079957,0.227386306847,2000,1
all,B365,additive,rps_skill,LaLiga minus Premier,-0.0198814121031,-0.0628997302025,0.0301626653189,0.391804097951,2000,1
all,B365,shin,error_slope,LaLiga minus Premier,0.82611776072,-0.5583119194,2.36650553827,0.267866066967,2000,1
all,B365,shin,extreme_gap,LaLiga minus Premier,5.88127284627,-3.58321612799,15.7835058505,0.227886056972,2000,1
all,B365,shin,rps_skill,LaLiga minus Premier,-0.0202471998816,-0.0625300333093,0.0292245055547,0.375312343828,2000,1
all,PS,proportional,error_slope,LaLiga minus Premier,0.815202191772,-0.601340129453,2.37468884924,0.282858570715,2000,1
all,PS,proportional,extreme_gap,LaLiga minus Premier,6.62552406926,-2.40950688432,16.2430223961,0.171414292854,2000,1
all,PS,proportional,rps_skill,LaLiga minus Premier,-0.0205395956675,-0.0623837355797,0.0284397902365,0.36031984008,2000,1
all,PS,power,error_slope,LaLiga minus Premier,0.798339443502,-0.575636944779,2.31205333856,0.28135932034,2000,1
all,PS,power,extreme_gap,LaLiga minus Premier,6.69999707388,-2.37523215334,16.3231043384,0.166416791604,2000,1
all,PS,power,rps_skill,LaLiga minus Premier,-0.0198819019844,-0.0628442231287,0.0306333176852,0.396301849075,2000,1
all,PS,additive,error_slope,LaLiga minus Premier,0.791592578674,-0.585107916318,2.30765512398,0.282858570715,2000,1
all,PS,additive,extreme_gap,LaLiga minus Premier,6.65239108843,-2.40845044261,16.2692462553,0.168915542229,2000,1
all,PS,additive,rps_skill,LaLiga minus Premier,-0.0198987540534,-0.0627665735919,0.0306318596077,0.395802098951,2000,1
all,PS,shin,error_slope,LaLiga minus Premier,0.797652490601,-0.58970150725,2.32457722965,0.28235882059,2000,1
all,PS,shin,extreme_gap,LaLiga minus Premier,6.64653694593,-2.4042803518,16.2704300824,0.169415292354,2000,1
all,PS,shin,rps_skill,LaLiga minus Premier,-0.0200680089806,-0.062588198452,0.0301104817518,0.386306846577,2000,1
2022-23,B365,proportional,error_slope,LaLiga minus Premier,0.591789837,-2.1315727848,3.30949703995,0.659670164918,2000,1
2022-23,B365,proportional,extreme_gap,LaLiga minus Premier,3.15824030133,-12.9295683584,18.7864195766,0.700649675162,2000,1
2022-23,B365,proportional,rps_skill,LaLiga minus Premier,-0.024793741948,-0.0971172396393,0.0481028569511,0.531234382809,2000,1
2022-23,B365,power,error_slope,LaLiga minus Premier,0.554071854983,-2.0229318675,3.10917722828,0.663168415792,2000,1
2022-23,B365,power,extreme_gap,LaLiga minus Premier,3.11435625277,-13.0160976092,18.7315507408,0.706146926537,2000,1
2022-23,B365,power,rps_skill,LaLiga minus Premier,-0.0237189632086,-0.100410893069,0.0536789506686,0.566216891554,2000,1
2022-23,B365,additive,error_slope,LaLiga minus Premier,0.542190216467,-2.04801004193,3.11834083742,0.670664667666,2000,1
2022-23,B365,additive,extreme_gap,LaLiga minus Premier,3.07369429723,-13.042177211,18.7115900481,0.710644677661,2000,1
2022-23,B365,additive,rps_skill,LaLiga minus Premier,-0.0239165340957,-0.100541805232,0.0534704724735,0.560219890055,2000,1
2022-23,B365,shin,error_slope,LaLiga minus Premier,0.554772113109,-2.06725697351,3.16559677811,0.665667166417,2000,1
2022-23,B365,shin,extreme_gap,LaLiga minus Premier,3.09840119758,-12.9860757142,18.7317656652,0.709145427286,2000,1
2022-23,B365,shin,rps_skill,LaLiga minus Premier,-0.0241607157701,-0.0997681448655,0.0516990486051,0.553723138431,2000,1
2022-23,PS,proportional,error_slope,LaLiga minus Premier,0.549499633154,-2.13369998272,3.17209914723,0.676661669165,2000,1
2022-23,PS,proportional,extreme_gap,LaLiga minus Premier,4.80828276576,-10.5150415882,20.2461918981,0.547226386807,2000,1
2022-23,PS,proportional,rps_skill,LaLiga minus Premier,-0.0234397611955,-0.0970947421621,0.0509972078226,0.55972013993,2000,1
2022-23,PS,power,error_slope,LaLiga minus Premier,0.546289222776,-2.05139713973,3.10099913054,0.667166416792,2000,1
2022-23,PS,power,extreme_gap,LaLiga minus Premier,4.90318263951,-10.3813717209,20.2368532535,0.540729635182,2000,1
2022-23,PS,power,rps_skill,LaLiga minus Premier,-0.0232969965419,-0.0985143645777,0.0526586983428,0.570714642679,2000,1
2022-23,PS,additive,error_slope,LaLiga minus Premier,0.537917575066,-2.06173474826,3.09405661381,0.674162918541,2000,1
2022-23,PS,additive,extreme_gap,LaLiga minus Premier,4.86949372926,-10.41515809,20.2241958551,0.543228385807,2000,1
2022-23,PS,additive,rps_skill,LaLiga minus Premier,-0.0233600244589,-0.0985617203199,0.0526167929095,0.570214892554,2000,1
2022-23,PS,shin,error_slope,LaLiga minus Premier,0.540913571943,-2.07989965158,3.11379619597,0.674662668666,2000,1
2022-23,PS,shin,extreme_gap,LaLiga minus Premier,4.85434946593,-10.440153785,20.238437293,0.543228385807,2000,1
2022-23,PS,shin,rps_skill,LaLiga minus Premier,-0.0233861900395,-0.0980947477868,0.0521096225305,0.568215892054,2000,1
2023-24,B365,proportional,error_slope,LaLiga minus Premier,0.386649250952,-2.00130712427,3.00398890599,0.780609695152,2000,1
2023-24,B365,proportional,extreme_gap,LaLiga minus Premier,4.18138715953,-11.7042762501,21.2113628262,0.614692653673,2000,1
2023-24,B365,proportional,rps_skill,LaLiga minus Premier,-0.0449735578706,-0.122586737218,0.0361413688649,0.273363318341,2000,1
2023-24,B365,power,error_slope,LaLiga minus Premier,0.394871115752,-1.86666318585,2.88361287125,0.76011994003,2000,1
2023-24,B365,power,extreme_gap,LaLiga minus Premier,4.59643990911,-11.3610370703,21.7401249056,0.591704147926,2000,1
2023-24,B365,power,rps_skill,LaLiga minus Premier,-0.0445386892053,-0.126645676013,0.0407514030163,0.309845077461,2000,1
2023-24,B365,additive,error_slope,LaLiga minus Premier,0.381344856661,-1.88689854091,2.87815930239,0.766116941529,2000,1
2023-24,B365,additive,extreme_gap,LaLiga minus Premier,4.4324259484,-11.5264606588,21.5684164382,0.60219890055,2000,1
2023-24,B365,additive,rps_skill,LaLiga minus Premier,-0.0443429958628,-0.126146206512,0.0407566256665,0.309845077461,2000,1
2023-24,B365,shin,error_slope,LaLiga minus Premier,0.382647895329,-1.91539852807,2.90717777135,0.769615192404,2000,1
2023-24,B365,shin,extreme_gap,LaLiga minus Premier,4.37114828805,-11.56800191,21.4798960466,0.605197401299,2000,1
2023-24,B365,shin,rps_skill,LaLiga minus Premier,-0.0445470416253,-0.125220011653,0.039570855491,0.299350324838,2000,1
2023-24,PS,proportional,error_slope,LaLiga minus Premier,0.34198487251,-2.01497181996,2.96752445483,0.80259870065,2000,1
2023-24,PS,proportional,extreme_gap,LaLiga minus Premier,4.56390061324,-11.5139277762,21.3881818071,0.590204897551,2000,1
2023-24,PS,proportional,rps_skill,LaLiga minus Premier,-0.0446420376735,-0.124403594337,0.039289937627,0.291354322839,2000,1
2023-24,PS,power,error_slope,LaLiga minus Premier,0.350820833643,-1.93923646203,2.90352629554,0.787106446777,2000,1
2023-24,PS,power,extreme_gap,LaLiga minus Premier,4.80810599404,-11.2975547263,21.8115366462,0.567216391804,2000,1
2023-24,PS,power,rps_skill,LaLiga minus Premier,-0.0445319365626,-0.12666876831,0.0419831933692,0.310844577711,2000,1
2023-24,PS,additive,error_slope,LaLiga minus Premier,0.342265624976,-1.94797881756,2.89659155256,0.793103448276,2000,1
2023-24,PS,additive,extreme_gap,LaLiga minus Premier,4.71379258371,-11.3664128275,21.6774528265,0.574212893553,2000,1
2023-24,PS,additive,rps_skill,LaLiga minus Premier,-0.0444055214182,-0.126424089814,0.0419743832242,0.310844577711,2000,1
2023-24,PS,shin,error_slope,LaLiga minus Premier,0.342190751658,-1.96429588169,2.91785204591,0.797101449275,2000,1
2023-24,PS,shin,extreme_gap,LaLiga minus Premier,4.67678946,-11.3830414365,21.6052313466,0.577711144428,2000,1
2023-24,PS,shin,rps_skill,LaLiga minus Premier,-0.0444806492307,-0.125929463959,0.0412623328823,0.307346326837,2000,1
2024-25,B365,proportional,error_slope,LaLiga minus Premier,1.74933606469,-0.787694777917,4.42996759354,0.206396801599,2000,1
2024-25,B365,proportional,extreme_gap,LaLiga minus Premier,10.6930089404,-6.42255598008,27.5704888066,0.221889055472,2000,1
2024-25,B365,proportional,rps_skill,LaLiga minus Premier,0.00698631770368,-0.064208505675,0.0766608659733,0.844577711144,2000,1
2024-25,B365,power,error_slope,LaLiga minus Premier,1.64473519669,-0.726153435079,4.16495252671,0.204897551224,2000,1
2024-25,B365,power,extreme_gap,LaLiga minus Premier,10.6146096361,-6.44829495823,27.4235855873,0.225387306347,2000,1
2024-25,B365,power,rps_skill,LaLiga minus Premier,0.00977986117942,-0.0650196363385,0.0848251489635,0.793603198401,2000,1
2024-25,B365,additive,error_slope,LaLiga minus Premier,1.6406713094,-0.743815702559,4.17619588966,0.210894552724,2000,1
2024-25,B365,additive,extreme_gap,LaLiga minus Premier,10.5801113349,-6.467862676,27.4064051785,0.227386306847,2000,1
2024-25,B365,additive,rps_skill,LaLiga minus Premier,0.00955204683887,-0.0649528444005,0.0843129816949,0.79860069965,2000,1
2024-25,B365,shin,error_slope,LaLiga minus Premier,1.66858977519,-0.754042203233,4.24310730928,0.210394802599,2000,1
2024-25,B365,shin,extreme_gap,LaLiga minus Premier,10.6122337908,-6.43201820001,27.4316375312,0.226386806597,2000,1
2024-25,B365,shin,rps_skill,LaLiga minus Premier,0.00889545290188,-0.0648354585615,0.0819878474962,0.811094452774,2000,1
2024-25,PS,proportional,error_slope,LaLiga minus Premier,1.67105920215,-0.768326166101,4.30004340915,0.216391804098,2000,1
2024-25,PS,proportional,extreme_gap,LaLiga minus Premier,10.8250203495,-5.53831713519,27.1408476332,0.204897551224,2000,1
2024-25,PS,proportional,rps_skill,LaLiga minus Premier,0.00738074304215,-0.0642393347411,0.0781517827587,0.839580209895,2000,1
2024-25,PS,power,error_slope,LaLiga minus Premier,1.60888021452,-0.747405306097,4.14135664108,0.220389805097,2000,1
2024-25,PS,power,extreme_gap,LaLiga minus Premier,10.7081602,-5.74573329766,26.931489054,0.209395302349,2000,1
2024-25,PS,power,rps_skill,LaLiga minus Premier,0.0091015798761,-0.064428594986,0.0834098870469,0.812593703148,2000,1
2024-25,PS,additive,error_slope,LaLiga minus Premier,1.60566103971,-0.760462200733,4.14853821131,0.221389305347,2000,1
2024-25,PS,additive,extreme_gap,LaLiga minus Premier,10.6954057776,-5.75082209273,26.9505180987,0.209395302349,2000,1
2024-25,PS,additive,rps_skill,LaLiga minus Premier,0.00898870896615,-0.0644922492108,0.0833225627311,0.814592703648,2000,1
2024-25,PS,shin,error_slope,LaLiga minus Premier,1.62231360291,-0.763220944754,4.18641688761,0.220389805097,2000,1
2024-25,PS,shin,extreme_gap,LaLiga minus Premier,10.7297010665,-5.69533853537,27.0046035037,0.208395802099,2000,1
2024-25,PS,shin,rps_skill,LaLiga minus Premier,0.00858190110332,-0.0644954631568,0.0823171195981,0.823088455772,2000,1
