league,season,operator,matches,method,intercept,slope,slope_ci_low,slope_ci_high,p_slope,p_joint
E0,all,B365,1140,proportional,0.0668592727153,1.10548625701,0.972165392025,1.23880712199,0.120951299455,0.103363588801
E0,all,B365,1140,power,0.0156095235618,1.02471032055,0.899675193381,1.14974544771,0.698497873478,0.871550852918
E0,all,B365,1140,additive,0.0199161284078,1.03156902905,0.905907395082,1.15723066301,0.622439364518,0.801021572692
E0,all,B365,1140,shin,0.0317386665518,1.05024294379,0.922709163846,1.17777672373,0.440021125898,0.576233917694
E0,all,PS,1140,proportional,0.0468778364106,1.07402680178,0.942743765346,1.20530983821,0.26907782192,0.332723078381
E0,all,PS,1140,power,0.0184034267584,1.02910731774,0.902317048868,1.15589758662,0.652740457973,0.836926627947
E0,all,PS,1140,additive,0.0204868742401,1.03243062902,0.905318040014,1.15954321802,0.617032211986,0.803291733345
E0,all,PS,1140,shin,0.027134169855,1.0429246015,0.914785050596,1.17106415241,0.511459281109,0.683337721665
SP1,all,B365,1140,proportional,0.139154235727,1.21756444589,1.06534094062,1.36978795116,0.00508944760253,0.00050154238408
SP1,all,B365,1140,power,0.0852853408308,1.13377098885,0.990516576323,1.27702540137,0.0672128254952,0.0417603525836
SP1,all,B365,1140,additive,0.088433326737,1.13890829932,0.995109822706,1.28270677594,0.058311875127,0.0335532975086
SP1,all,B365,1140,shin,0.101237320425,1.15881180043,1.01298979428,1.30463380658,0.0327939920605,0.0129362690727
SP1,all,PS,1140,proportional,0.115429222506,1.18093656517,1.0312150231,1.33065810724,0.0178538688033,0.0045269777079
SP1,all,PS,1140,power,0.0860097626925,1.13501891776,0.989687092201,1.28035074332,0.0686195928145,0.0432372026066
SP1,all,PS,1140,additive,0.0873284343701,1.13722189333,0.99165810453,1.28278568214,0.0646490370967,0.0398238456602
SP1,all,PS,1140,shin,0.0944337729733,1.14828856079,1.00172412904,1.29485299253,0.0473610958864,0.0239050799803
