league,season,operator,matches,mean_pp,median_pp,sd_pp,p05_pp,p95_pp,ci_low,ci_high
E0,all,B365,1140,5.44916215382,5.49038774845,0.706663335286,4.30755941457,6.66757410768,5.40680446739,5.49386791282
E0,all,PS,1140,2.79316106945,2.82459210217,0.444622144772,2.15136293157,3.52231899868,2.75716576016,2.82529479787
E0,2022-23,B365,380,5.40405675724,5.37932065392,0.768697567008,4.16974229474,6.72875475726,5.32597021312,5.48690218198
E0,2022-23,PS,380,2.46123478371,2.36260510824,0.405439114854,2.0943920992,3.22467642846,2.40770109142,2.5133064162
E0,2023-24,B365,380,5.39158293909,5.48818731489,0.707344544607,4.26528183737,6.59279353612,5.32056866127,5.45769445376
E0,2023-24,PS,380,2.92584346244,2.89558056872,0.385634261279,2.24221232054,3.6711982542,2.84156163397,2.99936978799
E0,2024-25,B365,380,5.55184676512,5.56924972553,0.627364518656,4.63675213675,6.76691729323,5.473872971,5.63099863795
E0,2024-25,PS,380,2.9924049622,2.93842336411,0.336296608906,2.65480928616,3.61023378611,2.95816819503,3.02868882702
SP1,all,B365,1140,5.54332215372,5.55555555556,0.713836887347,4.44444444444,6.76691729323,5.50332378344,5.5861307153
SP1,all,PS,1140,2.74811737281,2.76510182411,0.454154585109,2.1488716924,3.53134196559,2.70881149665,2.78719111744
SP1,2022-23,B365,380,5.58674115224,5.5967566519,0.738157356956,4.45299145299,6.96994424045,5.51774030653,5.65772921857
SP1,2022-23,PS,380,2.40725563339,2.31447129394,0.324378125929,2.12213004498,3.02753902392,2.36512776726,2.45095060681
SP1,2023-24,B365,380,5.39242322279,5.39817933869,0.751976425733,4.14011720932,6.55280518338,5.30873039885,5.47459609281
SP1,2023-24,PS,380,2.83925466994,2.84195789987,0.411459664703,2.16649591659,3.45553962251,2.73497550073,2.93159282817
SP1,2024-25,B365,380,5.65080208614,5.62945826104,0.620266311156,4.64445638721,6.73715538847,5.59501141142,5.71055365471
SP1,2024-25,PS,380,2.99784181512,2.91690656118,0.397478692352,2.63773383677,3.78725195828,2.95476465312,3.03839392893
