league,season,operator,matches,comparison,metric,estimate,ci_low,ci_high,p_boot,bootstrap_valid,p_holm
E0,all,B365,1140,power minus proportional,error_slope,-0.619022607297,-0.672495002662,-0.561029093683,0.000499750124938,2000,0.00599700149925
E0,all,B365,1140,power minus proportional,extreme_gap,-3.47141943324,-3.55856370105,-3.38518309645,0.000499750124938,2000,0.00599700149925
E0,all,B365,1140,additive minus proportional,error_slope,-0.564272214285,-0.613409045295,-0.511152311642,0.000499750124938,2000,0.00599700149925
E0,all,B365,1140,additive minus proportional,extreme_gap,-3.10545400922,-3.1715247189,-3.03982128744,0.000499750124938,2000,0.00599700149925
E0,all,B365,1140,shin minus proportional,error_slope,-0.424555909178,-0.461411949026,-0.384636597025,0.000499750124938,2000,0.00599700149925
E0,all,B365,1140,shin minus proportional,extreme_gap,-2.3066614061,-2.35549933307,-2.25789786782,0.000499750124938,2000,0.00599700149925
E0,all,PS,1140,power minus proportional,error_slope,-0.33970317781,-0.370623208564,-0.306731419598,0.000499750124938,2000,0.00599700149925
E0,all,PS,1140,power minus proportional,extreme_gap,-1.95912123923,-2.02404466807,-1.89500421316,0.000499750124938,2000,0.00599700149925
E0,all,PS,1140,additive minus proportional,error_slope,-0.312695645553,-0.341020876402,-0.282233196936,0.000499750124938,2000,0.00599700149925
E0,all,PS,1140,additive minus proportional,extreme_gap,-1.77863680886,-1.8282427005,-1.72901290531,0.000499750124938,2000,0.00599700149925
E0,all,PS,1140,shin minus proportional,error_slope,-0.234907579751,-0.256173142748,-0.212142513164,0.000499750124938,2000,0.00599700149925
E0,all,PS,1140,shin minus proportional,extreme_gap,-1.32675575995,-1.36375674893,-1.28970011365,0.000499750124938,2000,0.00599700149925
E0,2022-23,B365,380,power minus proportional,error_slope,-0.615350842435,-0.720929528315,-0.506726655432,0.000499750124938,2000,0.00599700149925
E0,2022-23,B365,380,power minus proportional,extreme_gap,-3.36692514106,-3.52150143009,-3.22486925231,0.000499750124938,2000,0.00599700149925
E0,2022-23,B365,380,additive minus proportional,error_slope,-0.562156218627,-0.660905625043,-0.460907820847,0.000499750124938,2000,0.00599700149925
E0,2022-23,B365,380,additive minus proportional,extreme_gap,-3.04224596707,-3.15978420387,-2.9334173983,0.000499750124938,2000,0.00599700149925
E0,2022-23,B365,380,shin minus proportional,error_slope,-0.42284240176,-0.496848770243,-0.346978386086,0.000499750124938,2000,0.00599700149925
E0,2022-23,B365,380,shin minus proportional,extreme_gap,-2.25855354526,-2.34566679075,-2.17811809474,0.000499750124938,2000,0.00599700149925
E0,2022-23,PS,380,power minus proportional,error_slope,-0.293143644564,-0.349941177579,-0.23532618778,0.000499750124938,2000,0.00599700149925
E0,2022-23,PS,380,power minus proportional,extreme_gap,-1.68844520996,-1.7908586493,-1.59050097783,0.000499750124938,2000,0.00599700149925
E0,2022-23,PS,380,additive minus proportional,error_slope,-0.271614587793,-0.323919787712,-0.217138179319,0.000499750124938,2000,0.00599700149925
E0,2022-23,PS,380,additive minus proportional,extreme_gap,-1.5557730251,-1.63889179516,-1.47725993179,0.000499750124938,2000,0.00599700149925
E0,2022-23,PS,380,shin minus proportional,error_slope,-0.203975196748,-0.243273673632,-0.16313182645,0.000499750124938,2000,0.00599700149925
E0,2022-23,PS,380,shin minus proportional,extreme_gap,-1.16084465266,-1.22267906173,-1.10241276855,0.000499750124938,2000,0.00599700149925
E0,2023-24,B365,380,power minus proportional,error_slope,-0.665224650072,-0.74677881091,-0.584651333759,0.000499750124938,2000,0.00599700149925
E0,2023-24,B365,380,power minus proportional,extreme_gap,-3.54743375508,-3.72711353175,-3.37431380679,0.000499750124938,2000,0.00599700149925
E0,2023-24,B365,380,additive minus proportional,error_slope,-0.604044343378,-0.677288802867,-0.531194389871,0.000499750124938,2000,0.00599700149925
E0,2023-24,B365,380,additive minus proportional,extreme_gap,-3.14186853704,-3.27049594876,-3.01384714598,0.000499750124938,2000,0.00599700149925
E0,2023-24,B365,380,shin minus proportional,error_slope,-0.454419851665,-0.509363695522,-0.399841209814,0.000499750124938,2000,0.00599700149925
E0,2023-24,B365,380,shin minus proportional,extreme_gap,-2.33493609313,-2.43107914604,-2.23969264698,0.000499750124938,2000,0.00599700149925
E0,2023-24,PS,380,power minus proportional,error_slope,-0.390423768117,-0.441862529084,-0.34061406538,0.000499750124938,2000,0.00599700149925
E0,2023-24,PS,380,power minus proportional,extreme_gap,-2.14051625548,-2.2700427326,-2.01067024895,0.000499750124938,2000,0.00599700149925
E0,2023-24,PS,380,additive minus proportional,error_slope,-0.356382854336,-0.402188440996,-0.311076881842,0.000499750124938,2000,0.00599700149925
E0,2023-24,PS,380,additive minus proportional,extreme_gap,-1.91968012015,-2.01833839525,-1.81676467765,0.000499750124938,2000,0.00599700149925
E0,2023-24,PS,380,shin minus proportional,error_slope,-0.26778699803,-0.302314534788,-0.233746187683,0.000499750124938,2000,0.00599700149925
E0,2023-24,PS,380,shin minus proportional,extreme_gap,-1.43192862767,-1.50536969656,-1.35528871322,0.000499750124938,2000,0.00599700149925
E0,2024-25,B365,380,power minus proportional,error_slope,-0.568015483342,-0.667420685263,-0.468568616524,0.000499750124938,2000,0.00599700149925
E0,2024-25,B365,380,power minus proportional,extreme_gap,-3.48729195667,-3.61579676304,-3.36463698257,0.000499750124938,2000,0.00599700149925
E0,2024-25,B365,380,additive minus proportional,error_slope,-0.517925285313,-0.606324054157,-0.427538616983,0.000499750124938,2000,0.00599700149925
E0,2024-25,B365,380,additive minus proportional,extreme_gap,-3.12540840756,-3.22411082525,-3.03006419419,0.000499750124938,2000,0.00599700149925
E0,2024-25,B365,380,shin minus proportional,error_slope,-0.389878170524,-0.456504439442,-0.32189439551,0.000499750124938,2000,0.00599700149925
E0,2024-25,B365,380,shin minus proportional,extreme_gap,-2.32124272263,-2.394336369,-2.25105499263,0.000499750124938,2000,0.00599700149925
E0,2024-25,PS,380,power minus proportional,error_slope,-0.328080954657,-0.378629679708,-0.272636279335,0.000499750124938,2000,0.00599700149925
E0,2024-25,PS,380,power minus proportional,extreme_gap,-2.02008363829,-2.11842074938,-1.93523952605,0.000499750124938,2000,0.00599700149925
E0,2024-25,PS,380,additive minus proportional,error_slope,-0.302858363448,-0.349763820585,-0.25228471829,0.000499750124938,2000,0.00599700149925
E0,2024-25,PS,380,additive minus proportional,extreme_gap,-1.83800782575,-1.9174552002,-1.77061552249,0.000499750124938,2000,0.00599700149925
E0,2024-25,PS,380,shin minus proportional,error_slope,-0.227581139071,-0.262815256918,-0.189601691673,0.000499750124938,2000,0.00599700149925
E0,2024-25,PS,380,shin minus proportional,extreme_gap,-1.37076425717,-1.42989938288,-1.32052561856,0.000499750124938,2000,0.00599700149925
SP1,all,B365,1140,power minus proportional,error_slope,-0.662698820538,-0.729052713949,-0.598287708983,0.000499750124938,2000,0.00599700149925
SP1,all,B365,1140,power minus proportional,extreme_gap,-3.37729230239,-3.46504213588,-3.29527685809,0.000499750124938,2000,0.00599700149925
SP1,all,B365,1140,additive minus proportional,error_slope,-0.617454347751,-0.679540791883,-0.558251917042,0.000499750124938,2000,0.00599700149925
SP1,all,B365,1140,additive minus proportional,extreme_gap,-3.09131889429,-3.15658642161,-3.03102749276,0.000499750124938,2000,0.00599700149925
SP1,all,B365,1140,shin minus proportional,error_slope,-0.46410906496,-0.510896654847,-0.419655443378,0.000499750124938,2000,0.00599700149925
SP1,all,B365,1140,shin minus proportional,extreme_gap,-2.29298071555,-2.34159333682,-2.24821791167,0.000499750124938,2000,0.00599700149925
SP1,all,PS,1140,power minus proportional,error_slope,-0.356565926081,-0.39268351041,-0.322617580314,0.000499750124938,2000,0.00599700149925
SP1,all,PS,1140,power minus proportional,extreme_gap,-1.88464823461,-1.95553807999,-1.81685524404,0.000499750124938,2000,0.00599700149925
SP1,all,PS,1140,additive minus proportional,error_slope,-0.336305258651,-0.37023181994,-0.304631295434,0.000499750124938,2000,0.00599700149925
SP1,all,PS,1140,additive minus proportional,extreme_gap,-1.75176978969,-1.8097779047,-1.6977109824,0.000499750124938,2000,0.00599700149925
SP1,all,PS,1140,shin minus proportional,error_slope,-0.252457280923,-0.277915936561,-0.228727478566,0.000499750124938,2000,0.00599700149925
SP1,all,PS,1140,shin minus proportional,extreme_gap,-1.30574288327,-1.34894432895,-1.26546655316,0.000499750124938,2000,0.00599700149925
SP1,2022-23,B365,380,power minus proportional,error_slope,-0.653068824452,-0.756572494581,-0.54863016955,0.000499750124938,2000,0.00599700149925
SP1,2022-23,B365,380,power minus proportional,extreme_gap,-3.41080918962,-3.56454799918,-3.25178194684,0.000499750124938,2000,0.00599700149925
SP1,2022-23,B365,380,additive minus proportional,error_slope,-0.61175583916,-0.70565355994,-0.514005984733,0.000499750124938,2000,0.00599700149925
SP1,2022-23,B365,380,additive minus proportional,extreme_gap,-3.12679197117,-3.23704114347,-3.00747865079,0.000499750124938,2000,0.00599700149925
SP1,2022-23,B365,380,shin minus proportional,error_slope,-0.459860125652,-0.530349531135,-0.386358625016,0.000499750124938,2000,0.00599700149925
SP1,2022-23,B365,380,shin minus proportional,extreme_gap,-2.318392649,-2.40002056805,-2.2302051775,0.000499750124938,2000,0.00599700149925
SP1,2022-23,PS,380,power minus proportional,error_slope,-0.296354054942,-0.349437225462,-0.245935261662,0.000499750124938,2000,0.00599700149925
SP1,2022-23,PS,380,power minus proportional,extreme_gap,-1.5935453362,-1.7017286016,-1.49239005764,0.000499750124938,2000,0.00599700149925
SP1,2022-23,PS,380,additive minus proportional,error_slope,-0.28319664588,-0.332130438423,-0.23467718676,0.000499750124938,2000,0.00599700149925
SP1,2022-23,PS,380,additive minus proportional,extreme_gap,-1.4945620616,-1.58034325466,-1.41540292708,0.000499750124938,2000,0.00599700149925
SP1,2022-23,PS,380,shin minus proportional,error_slope,-0.212561257958,-0.249229410758,-0.176263485415,0.000499750124938,2000,0.00599700149925
SP1,2022-23,PS,380,shin minus proportional,extreme_gap,-1.11477795249,-1.17875048141,-1.05599726996,0.000499750124938,2000,0.00599700149925
SP1,2023-24,B365,380,power minus proportional,error_slope,-0.657002785271,-0.773420955663,-0.549387019636,0.000499750124938,2000,0.00599700149925
SP1,2023-24,B365,380,power minus proportional,extreme_gap,-3.13238100549,-3.28372000679,-2.99251793473,0.000499750124938,2000,0.00599700149925
SP1,2023-24,B365,380,additive minus proportional,error_slope,-0.609348737668,-0.721534570451,-0.506947995254,0.000499750124938,2000,0.00599700149925
SP1,2023-24,B365,380,additive minus proportional,extreme_gap,-2.89082974817,-3.00869816303,-2.77932690024,0.000499750124938,2000,0.00599700149925
SP1,2023-24,B365,380,shin minus proportional,error_slope,-0.458421207287,-0.54250523596,-0.381670619468,0.000499750124938,2000,0.00599700149925
SP1,2023-24,B365,380,shin minus proportional,extreme_gap,-2.14517496461,-2.23312105692,-2.06198039007,0.000499750124938,2000,0.00599700149925
SP1,2023-24,PS,380,power minus proportional,error_slope,-0.381587806984,-0.447834494743,-0.321493234157,0.000499750124938,2000,0.00599700149925
SP1,2023-24,PS,380,power minus proportional,extreme_gap,-1.89631087468,-1.99364791293,-1.79097141241,0.000499750124938,2000,0.00599700149925
SP1,2023-24,PS,380,additive minus proportional,error_slope,-0.35610210187,-0.422022345759,-0.296604435848,0.000499750124938,2000,0.00599700149925
SP1,2023-24,PS,380,additive minus proportional,extreme_gap,-1.76978814968,-1.84689784808,-1.68274331547,0.000499750124938,2000,0.00599700149925
SP1,2023-24,PS,380,shin minus proportional,error_slope,-0.267581118882,-0.316926430678,-0.223029237684,0.000499750124938,2000,0.00599700149925
SP1,2023-24,PS,380,shin minus proportional,extreme_gap,-1.31903978092,-1.37648795739,-1.25428475826,0.000499750124938,2000,0.00599700149925
SP1,2024-25,B365,380,power minus proportional,error_slope,-0.672616351339,-0.796729143402,-0.553101540506,0.000499750124938,2000,0.00599700149925
SP1,2024-25,B365,380,power minus proportional,extreme_gap,-3.565691261,-3.70235870914,-3.42600104336,0.000499750124938,2000,0.00599700149925
SP1,2024-25,B365,380,additive minus proportional,error_slope,-0.626590040607,-0.742120296265,-0.515481557758,0.000499750124938,2000,0.00599700149925
SP1,2024-25,B365,380,additive minus proportional,extreme_gap,-3.23830601304,-3.33927657765,-3.13125213917,0.000499750124938,2000,0.00599700149925
SP1,2024-25,B365,380,shin minus proportional,error_slope,-0.470624460024,-0.557451409219,-0.386703097773,0.000499750124938,2000,0.00599700149925
SP1,2024-25,B365,380,shin minus proportional,extreme_gap,-2.40201787228,-2.4771990436,-2.3227413852,0.000499750124938,2000,0.00599700149925
SP1,2024-25,PS,380,power minus proportional,error_slope,-0.390259942288,-0.459098826463,-0.322579769125,0.000499750124938,2000,0.00599700149925
SP1,2024-25,PS,380,power minus proportional,extreme_gap,-2.13694378773,-2.24860026582,-2.01955701224,0.000499750124938,2000,0.00599700149925
SP1,2024-25,PS,380,additive minus proportional,error_slope,-0.368256525888,-0.433128733152,-0.306715846373,0.000499750124938,2000,0.00599700149925
SP1,2024-25,PS,380,additive minus proportional,extreme_gap,-1.96762239763,-2.05589465027,-1.87697877576,0.000499750124938,2000,0.00599700149925
SP1,2024-25,PS,380,shin minus proportional,error_slope,-0.276326738308,-0.325017831256,-0.230076495471,0.000499750124938,2000,0.00599700149925
SP1,2024-25,PS,380,shin minus proportional,extreme_gap,-1.46608354013,-1.53177303878,-1.39846052105,0.000499750124938,2000,0.00599700149925
