league,season,operator,matches,method,brier,reliability,resolution,uncertainty,binning_residual
E0,all,B365,1140,proportional,0.557511533861,0.00390086465747,0.084820093814,0.641939058172,-0.00350829515373
E0,all,B365,1140,power,0.557037912347,0.00306491376793,0.0847069077756,0.641939058172,-0.00325915181711
E0,all,B365,1140,additive,0.557036692747,0.00339201009007,0.0849047376107,0.641939058172,-0.00338963790378
E0,all,B365,1140,shin,0.557103247724,0.00344938606005,0.0849047376107,0.641939058172,-0.00338045889732
E0,all,PS,1140,proportional,0.557370090139,0.00422367347099,0.0865989535242,0.641939058172,-0.00219368797945
E0,all,PS,1140,power,0.557143323456,0.00392510797127,0.0863065558633,0.641939058172,-0.00241428682417
E0,all,PS,1140,additive,0.55714482781,0.00390693954534,0.0863681132656,0.641939058172,-0.0023330566417
E0,all,PS,1140,shin,0.557184057151,0.00393884872247,0.0863681132656,0.641939058172,-0.00232573647802
SP1,all,B365,1140,proportional,0.568907452072,0.00495450452631,0.0784197215327,0.64418744229,-0.00181477321108
SP1,all,B365,1140,power,0.567690438549,0.00397292232086,0.0786323550248,0.64418744229,-0.00183757103744
SP1,all,B365,1140,additive,0.567759156648,0.00387205476299,0.07843895378,0.64418744229,-0.00186138662501
SP1,all,B365,1140,shin,0.568009776696,0.00413370041523,0.0784591937437,0.64418744229,-0.00185217226568
SP1,all,PS,1140,proportional,0.568710700717,0.00477861688052,0.0777208371807,0.64418744229,-0.00253452127305
SP1,all,PS,1140,power,0.568126085342,0.00382002035033,0.0774284395199,0.64418744229,-0.00245293777867
SP1,all,PS,1140,additive,0.568157726038,0.00376125447599,0.0772745460142,0.64418744229,-0.00251642471427
SP1,all,PS,1140,shin,0.568283950058,0.00388588253828,0.0772745460142,0.64418744229,-0.00251482875559
