league,season,method,metric,comparison,estimate,ci_low,ci_high,p_boot,bootstrap_valid,p_holm
E0,all,proportional,rps,Pinnacle minus Bet365,-3.28135690692e-05,-0.000358698493723,0.000285513587456,0.847076461769,2000,1
E0,all,proportional,error_slope,Pinnacle minus Bet365,-0.236408371141,-0.290399025895,-0.183902647627,0.000499750124938,2000,0.0039980009995
E0,all,power,rps,Pinnacle minus Bet365,9.81670646758e-05,-0.000221631804336,0.00041036444472,0.530734632684,2000,1
E0,all,power,error_slope,Pinnacle minus Bet365,0.0429110583455,-0.000481111025675,0.0854983540141,0.0509745127436,2000,0.204897551224
E0,all,additive,rps,Pinnacle minus Bet365,9.50723064114e-05,-0.000215179158745,0.000409811268377,0.544227886057,2000,1
E0,all,additive,error_slope,Pinnacle minus Bet365,0.0151681975902,-0.0283923812832,0.0580774307117,0.484757621189,2000,1
E0,all,shin,rps,Pinnacle minus Bet365,7.82464625051e-05,-0.000221287788753,0.000382466775153,0.619690154923,2000,1
E0,all,shin,error_slope,Pinnacle minus Bet365,-0.0467600417142,-0.0923156434598,-0.00279630109659,0.0409795102449,2000,0.204897551224
E0,all,raw,margin_pp,Pinnacle minus Bet365,-2.65600108437,-2.71613792756,-2.60291411936,0.000499750124938,2000,0.000999500249875
E0,2022-23,proportional,rps,Pinnacle minus Bet365,8.50694786985e-05,-0.000444236948534,0.000600149844377,0.767616191904,2000,1
E0,2022-23,proportional,error_slope,Pinnacle minus Bet365,-0.195743924038,-0.286991286407,-0.106397954398,0.000499750124938,2000,0.0039980009995
E0,2022-23,power,rps,Pinnacle minus Bet365,-1.69604020179e-05,-0.000593543204855,0.000582989723063,0.953523238381,2000,1
E0,2022-23,power,error_slope,Pinnacle minus Bet365,0.126463273832,0.0520942392634,0.200024479484,0.00149925037481,2000,0.00899550224888
E0,2022-23,additive,rps,Pinnacle minus Bet365,2.13070676808e-06,-0.000574298240698,0.000589152668744,0.994502748626,2000,1
E0,2022-23,additive,error_slope,Pinnacle minus Bet365,0.0947977067958,0.0220135092792,0.171354810327,0.0129935032484,2000,0.0649675162419
E0,2022-23,shin,rps,Pinnacle minus Bet365,4.19494868627e-05,-0.000487333162589,0.000590686352221,0.887556221889,2000,1
E0,2022-23,shin,error_slope,Pinnacle minus Bet365,0.0231232809746,-0.0524052120074,0.100383721723,0.559220389805,2000,1
E0,2022-23,raw,margin_pp,Pinnacle minus Bet365,-2.94282197353,-3.04559524378,-2.84486328265,0.000499750124938,2000,0.000999500249875
E0,2023-24,proportional,rps,Pinnacle minus Bet365,2.26802694652e-05,-0.000656410607667,0.000719402802506,0.950524737631,2000,1
E0,2023-24,proportional,error_slope,Pinnacle minus Bet365,-0.319044414461,-0.386536678178,-0.245632731714,0.000499750124938,2000,0.0039980009995
E0,2023-24,power,rps,Pinnacle minus Bet365,0.000416107741011,-0.00012810355123,0.000952467270501,0.136431784108,2000,0.818590704648
E0,2023-24,power,error_slope,Pinnacle minus Bet365,-0.0442435325069,-0.108962738665,0.0279890257459,0.193403298351,2000,0.350824587706
E0,2023-24,additive,rps,Pinnacle minus Bet365,0.000385760840978,-0.000162655899868,0.000921977468734,0.171414292854,2000,0.857071464268
E0,2023-24,additive,error_slope,Pinnacle minus Bet365,-0.0713829254196,-0.136227398552,-0.000616786070196,0.0354822588706,2000,0.141929035482
E0,2023-24,shin,rps,Pinnacle minus Bet365,0.000307208066323,-0.000243882433919,0.000870170178911,0.293853073463,2000,0.967516241879
E0,2023-24,shin,error_slope,Pinnacle minus Bet365,-0.132411560826,-0.196957229004,-0.0633770281054,0.000499750124938,2000,0.0039980009995
E0,2023-24,raw,margin_pp,Pinnacle minus Bet365,-2.46573947665,-2.58086214494,-2.35140037437,0.000499750124938,2000,0.000999500249875
E0,2024-25,proportional,rps,Pinnacle minus Bet365,-0.000206190455371,-0.000617350088672,0.000197645211444,0.309845077461,2000,1
E0,2024-25,proportional,error_slope,Pinnacle minus Bet365,-0.187060910944,-0.288578962551,-0.0902378486382,0.000999500249875,2000,0.00699650174913
E0,2024-25,power,rps,Pinnacle minus Bet365,-0.000104646144966,-0.000614447043439,0.000354909118043,0.670664667666,2000,1
E0,2024-25,power,error_slope,Pinnacle minus Bet365,0.0528736177411,-0.0189418974233,0.122014815724,0.147426286857,2000,0.737131434283
E0,2024-25,additive,rps,Pinnacle minus Bet365,-0.000102674628512,-0.000600554563776,0.000342473470373,0.664167916042,2000,1
E0,2024-25,additive,error_slope,Pinnacle minus Bet365,0.0280060109209,-0.0456624364454,0.100122169935,0.451774112944,2000,1
E0,2024-25,shin,rps,Pinnacle minus Bet365,-0.00011441816567,-0.000562211142302,0.000291126639247,0.589205397301,2000,1
E0,2024-25,shin,error_slope,Pinnacle minus Bet365,-0.0247638794911,-0.104846899115,0.0515015722431,0.527236381809,2000,1
E0,2024-25,raw,margin_pp,Pinnacle minus Bet365,-2.55944180292,-2.64599789527,-2.47102665733,0.000499750124938,2000,0.000999500249875
SP1,all,proportional,rps,Pinnacle minus Bet365,-0.000188556451084,-0.000491910140179,0.000124749103856,0.231384307846,2000,1
SP1,all,proportional,error_slope,Pinnacle minus Bet365,-0.286877095872,-0.351276348697,-0.22432247174,0.000499750124938,2000,0.0039980009995
SP1,all,power,rps,Pinnacle minus Bet365,0.000112854834127,-0.00013936210184,0.00036535924431,0.375812093953,2000,1
SP1,all,power,error_slope,Pinnacle minus Bet365,0.0192557985857,-0.0410834086371,0.0803008166599,0.529735132434,2000,1
SP1,all,additive,rps,Pinnacle minus Bet365,9.63035947688e-05,-0.000159784730671,0.000347225267202,0.450274862569,2000,1
SP1,all,additive,error_slope,Pinnacle minus Bet365,-0.00572800677222,-0.0648919933707,0.0549265815326,0.850574712644,2000,1
SP1,all,shin,rps,Pinnacle minus Bet365,3.53721194217e-05,-0.000227790305854,0.000291850121143,0.780109945027,2000,1
SP1,all,shin,error_slope,Pinnacle minus Bet365,-0.0752253118341,-0.13437283351,-0.0162201595496,0.0164917541229,2000,0.0989505247376
SP1,all,raw,margin_pp,Pinnacle minus Bet365,-2.79520478091,-2.85930128421,-2.73269763706,0.000499750124938,2000,0.000999500249875
SP1,2022-23,proportional,rps,Pinnacle minus Bet365,-0.000223974754574,-0.000761636093469,0.000291051729732,0.403298350825,2000,1
SP1,2022-23,proportional,error_slope,Pinnacle minus Bet365,-0.238034127885,-0.355163953791,-0.116527471925,0.000499750124938,2000,0.0039980009995
SP1,2022-23,power,rps,Pinnacle minus Bet365,-0.000112923440726,-0.000578350977818,0.000328836401112,0.628185907046,2000,1
SP1,2022-23,power,error_slope,Pinnacle minus Bet365,0.118680641625,0.00860134440802,0.234081237091,0.0354822588706,2000,0.141929035482
SP1,2022-23,additive,rps,Pinnacle minus Bet365,-0.000124627291438,-0.000586330119287,0.000311130166963,0.595702148926,2000,1
SP1,2022-23,additive,error_slope,Pinnacle minus Bet365,0.0905250653949,-0.0189078378723,0.204790712911,0.110444777611,2000,0.331334332834
SP1,2022-23,shin,rps,Pinnacle minus Bet365,-0.000134780848155,-0.000579239456289,0.000293076776564,0.542228885557,2000,1
SP1,2022-23,shin,error_slope,Pinnacle minus Bet365,0.00926473980915,-0.0997323238207,0.121983053322,0.857571214393,2000,1
SP1,2022-23,raw,margin_pp,Pinnacle minus Bet365,-3.17948551885,-3.25913795068,-3.10160266861,0.000499750124938,2000,0.000999500249875
SP1,2023-24,proportional,rps,Pinnacle minus Bet365,-5.25526222178e-05,-0.000633893566791,0.00051615253868,0.856571714143,2000,1
SP1,2023-24,proportional,error_slope,Pinnacle minus Bet365,-0.363708792903,-0.498978894648,-0.243300850359,0.000499750124938,2000,0.0039980009995
SP1,2023-24,power,rps,Pinnacle minus Bet365,0.000397308707701,-5.5043783623e-05,0.000878173263637,0.0939530234883,2000,0.751624187906
SP1,2023-24,power,error_slope,Pinnacle minus Bet365,-0.0882938146159,-0.224648447985,0.0300749127571,0.175412293853,2000,0.350824587706
SP1,2023-24,additive,rps,Pinnacle minus Bet365,0.00038374709502,-7.4360226922e-05,0.000866542731004,0.101449275362,2000,0.751624187906
SP1,2023-24,additive,error_slope,Pinnacle minus Bet365,-0.110462157105,-0.244931657219,0.00665862294565,0.087956021989,2000,0.263868065967
SP1,2023-24,shin,rps,Pinnacle minus Bet365,0.00027956817592,-0.000204669612922,0.000772044806613,0.24187906047,2000,0.967516241879
SP1,2023-24,shin,error_slope,Pinnacle minus Bet365,-0.172868704498,-0.306948147012,-0.0583409808404,0.00449775112444,2000,0.0224887556222
SP1,2023-24,raw,margin_pp,Pinnacle minus Bet365,-2.55316855285,-2.70904378157,-2.40413857787,0.000499750124938,2000,0.000999500249875
SP1,2024-25,proportional,rps,Pinnacle minus Bet365,-0.000289141976461,-0.0008236239047,0.000277665651132,0.310844577711,2000,1
SP1,2024-25,proportional,error_slope,Pinnacle minus Bet365,-0.265337773482,-0.350367604078,-0.173406637776,0.000499750124938,2000,0.0039980009995
SP1,2024-25,power,rps,Pinnacle minus Bet365,5.41792354059e-05,-0.000343871225148,0.000478012121345,0.804097951024,2000,1
SP1,2024-25,power,error_slope,Pinnacle minus Bet365,0.0170186355684,-0.0565180043368,0.100271097087,0.674162918541,2000,1
SP1,2024-25,additive,rps,Pinnacle minus Bet365,2.97909807241e-05,-0.000370758838751,0.000466771151934,0.896551724138,2000,1
SP1,2024-25,additive,error_slope,Pinnacle minus Bet365,-0.00700425876314,-0.0802332877571,0.0733928209482,0.863068465767,2000,1
SP1,2024-25,shin,rps,Pinnacle minus Bet365,-3.86709694998e-05,-0.000445098798185,0.000406012090168,0.853573213393,2000,1
SP1,2024-25,shin,error_slope,Pinnacle minus Bet365,-0.0710400517664,-0.143554556456,0.00871524054527,0.0709645177411,2000,0.425787106447
SP1,2024-25,raw,margin_pp,Pinnacle minus Bet365,-2.65296027103,-2.73309767418,-2.58018493908,0.000499750124938,2000,0.000999500249875
