league,season,operator,matches,method,outcome,predicted_pct,observed_pct,ece_pp,estimate,ci_low,ci_high,p_boot,bootstrap_valid,p_holm
E0,all,B365,1140,proportional,H,44.403855123,45.0877192982,2.70271119308,0.683864175226,-1.97832132925,3.20455939791,0.599700149925,2000,1
E0,all,B365,1140,proportional,D,23.340099042,22.9824561404,2.84962672144,-0.357642901649,-2.76231063279,2.17202862057,0.754622688656,2000,1
E0,all,B365,1140,proportional,A,32.256045835,31.9298245614,2.94194929171,-0.326221273576,-3.28914541489,2.75461102276,0.834582708646,2000,1
E0,all,B365,1140,power,H,45.0951427936,45.0877192982,2.84523048362,-0.00742349540009,-2.66890272676,2.50977292945,0.996501749125,2000,1
E0,all,B365,1140,power,D,22.6708441684,22.9824561404,2.36229228389,0.311611971966,-2.09715233799,2.85074513545,0.785607196402,2000,1
E0,all,B365,1140,power,A,32.234013038,31.9298245614,2.55361125694,-0.304188476566,-3.25664532178,2.79223248433,0.843578210895,2000,1
E0,all,B365,1140,additive,H,45.0147688116,45.0877192982,2.80385933796,0.0729504866013,-2.58940152533,2.59061654736,0.96351824088,2000,1
E0,all,B365,1140,additive,D,22.7937887029,22.9824561404,2.92175647513,0.188667437476,-2.21711075572,2.72436171396,0.865567216392,2000,1
E0,all,B365,1140,additive,A,32.1914424855,31.9298245614,2.58034854541,-0.261617924077,-3.21852735638,2.83420741749,0.863068465767,2000,1
E0,all,B365,1140,shin,H,44.8587241243,45.0877192982,2.7197238327,0.228995173901,-2.43332494362,2.74857368166,0.865067466267,2000,1
E0,all,B365,1140,shin,D,22.9294049613,22.9824561404,2.90552424488,0.0530511790156,-2.35417173165,2.58740635415,0.965017491254,2000,1
E0,all,B365,1140,shin,A,32.2118709143,31.9298245614,2.59467149276,-0.282046352916,-3.24317245101,2.81014857756,0.853073463268,2000,1
E0,all,PS,1140,proportional,H,44.5726080183,45.0877192982,3.3812995277,0.515111279928,-2.13954033092,3.03151635836,0.686156921539,2000,1
E0,all,PS,1140,proportional,D,23.3312435572,22.9824561404,2.35843548863,-0.348787416885,-2.74380962542,2.18510356804,0.761619190405,2000,1
E0,all,PS,1140,proportional,A,32.0961484244,31.9298245614,2.50412229206,-0.166323863043,-3.12135425317,2.9144331809,0.910544727636,2000,1
E0,all,PS,1140,power,H,44.9510284457,45.0877192982,3.08609017003,0.136690852519,-2.52292488281,2.65183519,0.924037981009,2000,1
E0,all,PS,1140,power,D,22.9691971344,22.9824561404,2.52167516101,0.0132590059166,-2.37389605654,2.54408643764,0.991504247876,2000,1
E0,all,PS,1140,power,A,32.0797744198,31.9298245614,2.24825176584,-0.149949858435,-3.10766928902,2.93948344569,0.91704147926,2000,1
E0,all,PS,1140,additive,H,44.9098069758,45.0877192982,3.0719574518,0.177912322491,-2.48104330409,2.69437261775,0.899550224888,2000,1
E0,all,PS,1140,additive,D,23.0389341536,22.9824561404,2.48854821385,-0.0564780132343,-2.44585127535,2.4753891852,0.964017991004,2000,1
E0,all,PS,1140,additive,A,32.0512588707,31.9298245614,2.26155561883,-0.121434309256,-3.07913704353,2.96637787833,0.932033983008,2000,1
E0,all,PS,1140,shin,H,44.8245665108,45.0877192982,3.1062147153,0.263152787466,-2.39471794533,2.78049899409,0.838580709645,2000,1
E0,all,PS,1140,shin,D,23.1111879161,22.9824561404,2.45596030973,-0.128731775791,-2.51985819604,2.40403496829,0.911544227886,2000,1
E0,all,PS,1140,shin,A,32.0642455731,31.9298245614,2.3222457568,-0.134421011675,-3.09223711449,2.95177669735,0.927036481759,2000,1
E0,2022-23,B365,380,proportional,H,43.6270549984,48.4210526316,6.23820496954,4.79399763316,0.0719851298654,9.51567572216,0.0449775112444,2000,1
E0,2022-23,B365,380,proportional,D,24.2227881093,22.8947368421,4.91798238484,-1.32805126722,-5.68563572475,3.12209747013,0.552723638181,2000,1
E0,2022-23,B365,380,proportional,A,32.1501568923,28.6842105263,4.98182631491,-3.46594636594,-8.89623896427,2.4332625653,0.230884557721,2000,1
E0,2022-23,B365,380,power,H,44.2628533345,48.4210526316,5.95255895022,4.15819929706,-0.560792154191,8.80861619972,0.0924537731134,2000,1
E0,2022-23,B365,380,power,D,23.6032120603,22.8947368421,3.93663381158,-0.708475218197,-5.0763908421,3.73684378489,0.746126936532,2000,1
E0,2022-23,B365,380,power,A,32.1339346052,28.6842105263,5.61612961218,-3.44972407886,-8.86354126586,2.48357825442,0.232383808096,2000,1
E0,2022-23,B365,380,additive,H,44.1890458313,48.4210526316,5.94762785851,4.23200680032,-0.486416744118,8.86635591568,0.0859570214893,2000,1
E0,2022-23,B365,380,additive,D,23.7271973169,22.8947368421,4.93500501241,-0.83246047479,-5.19787483309,3.61407668889,0.707646176912,2000,1
E0,2022-23,B365,380,additive,A,32.0837568518,28.6842105263,5.06808887462,-3.39954632553,-8.81918646559,2.53224339046,0.237381309345,2000,1
E0,2022-23,B365,380,shin,H,44.0455006686,48.4210526316,5.93469875209,4.37555196299,-0.348585638867,9.02516869665,0.0724637681159,2000,1
E0,2022-23,B365,380,shin,D,23.8495642898,22.8947368421,4.54435568363,-0.954827447721,-5.31620576401,3.49260046396,0.663168415792,2000,1
E0,2022-23,B365,380,shin,A,32.1049350416,28.6842105263,5.02121661239,-3.42072451527,-8.841310187,2.50133790341,0.236381809095,2000,1
E0,2022-23,PS,380,proportional,H,43.6766099171,48.4210526316,5.90866926675,4.74444271448,0.0220116935849,9.42503555459,0.0489755122439,2000,1
E0,2022-23,PS,380,proportional,D,24.278909221,22.8947368421,4.95856648727,-1.38417237892,-5.74533399793,3.05479389787,0.538230884558,2000,1
E0,2022-23,PS,380,proportional,A,32.0444808619,28.6842105263,5.32813218588,-3.36027033556,-8.76640874818,2.53911411432,0.245877061469,2000,1
E0,2022-23,PS,380,power,H,43.9850669164,48.4210526316,5.83733115688,4.43598571521,-0.279431944303,9.06358625549,0.0649675162419,2000,1
E0,2022-23,PS,380,power,D,23.9841456461,22.8947368421,4.99859282968,-1.08940880397,-5.44107248345,3.34829819649,0.619690154923,2000,1
E0,2022-23,PS,380,power,A,32.0307874376,28.6842105263,5.37401925813,-3.34657691125,-8.74340294245,2.55116078576,0.247376311844,2000,1
E0,2022-23,PS,380,additive,H,43.9519689682,48.4210526316,5.83671209767,4.46908366337,-0.245848227473,9.09215720751,0.0629685157421,2000,1
E0,2022-23,PS,380,additive,D,24.0442357747,22.8947368421,4.97265636736,-1.14949893255,-5.50561882996,3.28989361974,0.602698650675,2000,1
E0,2022-23,PS,380,additive,A,32.0037952571,28.6842105263,5.36963864543,-3.31958473082,-8.71464587627,2.57802921165,0.250374812594,2000,1
E0,2022-23,PS,380,shin,H,43.8824651983,48.4210526316,5.81939138669,4.53858743325,-0.178249306408,9.1762626443,0.0584707646177,2000,1
E0,2022-23,PS,380,shin,D,24.1022480685,22.8947368421,4.96996466054,-1.20751122641,-5.56480863214,3.23224533222,0.585707146427,2000,1
E0,2022-23,PS,380,shin,A,32.0152867332,28.6842105263,5.35855632063,-3.33107620684,-8.72568818457,2.56247320932,0.248875562219,2000,1
E0,2023-24,B365,380,proportional,H,44.88290182,46.0526315789,4.02015851052,1.16972975894,-2.50008634119,4.64806473633,0.524737631184,2000,1
E0,2023-24,B365,380,proportional,D,22.5363826313,21.5789473684,3.96192642286,-0.957435262896,-5.03241152039,3.61922063538,0.67816091954,2000,1
E0,2023-24,B365,380,proportional,A,32.5807155487,32.3684210526,6.01749062625,-0.212294496044,-5.37260314841,4.88113139515,0.933533233383,2000,1
E0,2023-24,B365,380,power,H,45.5976895113,46.0526315789,3.40765429444,0.454942067609,-3.22280836232,3.9523832992,0.806096951524,2000,1
E0,2023-24,B365,380,power,D,21.8266581845,21.5789473684,3.638695764,-0.24771081608,-4.33486155932,4.3342990705,0.926036981509,2000,1
E0,2023-24,B365,380,power,A,32.5756523042,32.3684210526,5.5244514301,-0.207231251529,-5.37441469281,4.84193893518,0.936531734133,2000,1
E0,2023-24,B365,380,additive,H,45.5101875217,46.0526315789,3.46838287403,0.542444057219,-3.13054609834,4.04057455074,0.769615192404,2000,1
E0,2023-24,B365,380,additive,D,21.9540341032,21.5789473684,3.69376252804,-0.375086734737,-4.46172841807,4.21222434778,0.886556721639,2000,1
E0,2023-24,B365,380,additive,A,32.5357783751,32.3684210526,5.54205055128,-0.167357322482,-5.33272263844,4.89073813879,0.947526236882,2000,1
E0,2023-24,B365,380,shin,H,45.3502441129,46.0526315789,3.59539648895,0.702387466079,-2.96948759152,4.19791500933,0.711644177911,2000,1
E0,2023-24,B365,380,shin,D,22.0987482326,21.5789473684,3.8110196913,-0.519800864202,-4.60338773874,4.06691157948,0.840579710145,2000,1
E0,2023-24,B365,380,shin,A,32.5510076545,32.3684210526,5.66729100426,-0.182586601876,-5.34729573007,4.87949173903,0.943528235882,2000,1
E0,2023-24,PS,380,proportional,H,45.1704727038,46.0526315789,5.14201719173,0.882158875124,-2.82592286568,4.37257455372,0.633683158421,2000,1
E0,2023-24,PS,380,proportional,D,22.4566926239,21.5789473684,4.58925923183,-0.877745255469,-4.98080357292,3.68263302775,0.702148925537,2000,1
E0,2023-24,PS,380,proportional,A,32.3728346723,32.3684210526,5.90696226216,-0.00441361965535,-5.15079935065,5.03056060957,0.99900049975,2000,1
E0,2023-24,PS,380,power,H,45.5934739697,46.0526315789,4.86055649728,0.459157609259,-3.25122715611,3.9710225125,0.804097951024,2000,1
E0,2023-24,PS,380,power,D,22.0448711154,21.5789473684,5.09074513206,-0.465923746993,-4.57243470266,4.09627006699,0.860069965017,2000,1
E0,2023-24,PS,380,power,A,32.3616549149,32.3684210526,5.58175848347,0.00676613773353,-5.12904938194,5.01176462209,0.9980009995,2000,1
E0,2023-24,PS,380,additive,H,45.5439924271,46.0526315789,4.89268269888,0.508639151851,-3.20265980345,4.02032575202,0.782108945527,2000,1
E0,2023-24,PS,380,additive,D,22.1244325137,21.5789473684,5.05132715879,-0.545485145235,-4.65390985992,4.0134837828,0.827086456772,2000,1
E0,2023-24,PS,380,additive,A,32.3315750592,32.3684210526,5.58210017774,0.0368459933839,-5.10015347126,5.04242501342,0.990504747626,2000,1
E0,2023-24,PS,380,shin,H,45.4495940117,46.0526315789,5.48258553679,0.603037567256,-3.10739995235,4.11006958721,0.750624687656,2000,1
E0,2023-24,PS,380,shin,D,22.2063865927,21.5789473684,5.05716219878,-0.627439224265,-4.73444300862,3.93216329546,0.789105447276,2000,1
E0,2023-24,PS,380,shin,A,32.3440193956,32.3684210526,5.66637216819,0.0244016570088,-5.11720410412,5.03765887504,0.995002498751,2000,1
E0,2024-25,B365,380,proportional,H,44.7016085506,40.7894736842,5.05231398065,-3.91213486642,-8.67963088236,1.20183280974,0.112443778111,2000,1
E0,2024-25,B365,380,proportional,D,23.2611263854,24.4736842105,7.58060346305,1.21255782517,-2.89073313194,5.31520254082,0.571714142929,2000,1
E0,2024-25,B365,380,proportional,A,32.037265064,34.7368421053,5.84553992755,2.69957704125,-2.44831413722,7.90912373466,0.307346326837,2000,1
E0,2024-25,B365,380,power,H,45.4248855351,40.7894736842,5.53066523883,-4.63541185087,-9.40895430631,0.438306468789,0.0609695152424,2000,1
E0,2024-25,B365,380,power,D,22.5826622604,24.4736842105,7.77465016914,1.89102195018,-2.22307896294,6.02132576958,0.372313843078,2000,1
E0,2024-25,B365,380,power,A,31.9924522046,34.7368421053,5.55316655134,2.74438990069,-2.38082205806,7.9568095868,0.299350324838,2000,1
E0,2024-25,B365,380,additive,H,45.3450730819,40.7894736842,5.45640526278,-4.55559939773,-9.32605822775,0.522547033074,0.0654672663668,2000,1
E0,2024-25,B365,380,additive,D,22.7001346886,24.4736842105,7.72786485269,1.77354952195,-2.33327879615,5.89564521424,0.40179910045,2000,1
E0,2024-25,B365,380,additive,A,31.9547922295,34.7368421053,5.73965923399,2.78204987578,-2.34521598822,7.99100942036,0.291354322839,2000,1
E0,2024-25,B365,380,shin,H,45.1804275916,40.7894736842,5.35354347521,-4.39095390737,-9.16624419063,0.6986173247,0.0769615192404,2000,1
E0,2024-25,B365,380,shin,D,22.8399023616,24.4736842105,7.31236147062,1.63378184897,-2.4726715282,5.75238136633,0.442778610695,2000,1
E0,2024-25,B365,380,shin,A,31.9796700469,34.7368421053,5.76514534201,2.7571720584,-2.37526392577,7.9586599575,0.296351824088,2000,1
E0,2024-25,PS,380,proportional,H,44.870741434,40.7894736842,5.38908190517,-4.08126774982,-8.84239717764,1.00135851625,0.095952023988,2000,1
E0,2024-25,PS,380,proportional,D,23.2581288268,24.4736842105,4.73117819192,1.21555538373,-2.86641916845,5.3275588809,0.569215392304,2000,1
E0,2024-25,PS,380,proportional,A,31.8711297392,34.7368421053,3.99984574604,2.86571236609,-2.24130461348,8.04939565308,0.269365317341,2000,1
E0,2024-25,PS,380,power,H,45.2745444511,40.7894736842,5.66328303633,-4.48507076691,-9.23854639814,0.578947172915,0.0709645177411,2000,1
E0,2024-25,PS,380,power,D,22.8785746418,24.4736842105,5.12384518756,1.59510956871,-2.49050236904,5.71697644964,0.451274362819,2000,1
E0,2024-25,PS,380,power,A,31.8468809071,34.7368421053,3.88305115912,2.88996119821,-2.20758407744,8.07012734221,0.264867566217,2000,1
E0,2024-25,PS,380,additive,H,45.233459532,40.7894736842,5.62350132802,-4.44398584775,-9.19562632834,0.621404201942,0.0739630184908,2000,1
E0,2024-25,PS,380,additive,D,22.9481341724,24.4736842105,4.87251622943,1.52555003808,-2.56170218239,5.64320871927,0.469265367316,2000,1
E0,2024-25,PS,380,additive,A,31.8184062956,34.7368421053,3.90442328712,2.91843580967,-2.18060609935,8.10105367266,0.260869565217,2000,1
E0,2024-25,PS,380,shin,H,45.1416403223,40.7894736842,5.56431347227,-4.3521666381,-9.10742353557,0.717553912257,0.0809595202399,2000,1
E0,2024-25,PS,380,shin,D,23.0249290872,24.4736842105,4.83772429092,1.4487551233,-2.6371523553,5.56514898138,0.495752123938,2000,1
E0,2024-25,PS,380,shin,A,31.8334305905,34.7368421053,3.92760701009,2.90341151481,-2.1987158312,8.08615374139,0.261869065467,2000,1
SP1,all,B365,1140,proportional,H,44.5955993381,45.4385964912,3.23582291459,0.842997153144,-1.80339703785,3.65118801569,0.552723638181,2000,1
SP1,all,B365,1140,proportional,D,26.254854146,25.701754386,2.80862035986,-0.553099760052,-3.45200455903,2.12446004697,0.68215892054,2000,1
SP1,all,B365,1140,proportional,A,29.1495465159,28.8596491228,4.1330604993,-0.289897393091,-2.78447495696,2.17922555096,0.824587706147,2000,1
SP1,all,B365,1140,power,H,45.2819069947,45.4385964912,2.45409080639,0.156689496508,-2.4807824256,2.97344036792,0.911544227886,2000,1
SP1,all,B365,1140,power,D,25.7386430266,25.701754386,2.90265325858,-0.0368886405905,-2.92969555024,2.64755898712,0.977511244378,2000,1
SP1,all,B365,1140,power,A,28.9794499787,28.8596491228,3.59799972813,-0.119800855917,-2.59765228999,2.34999233428,0.925537231384,2000,1
SP1,all,B365,1140,additive,H,45.2173742632,45.4385964912,2.5054619603,0.221222228034,-2.41411830779,3.03748370302,0.870564717641,2000,1
SP1,all,B365,1140,additive,D,25.8600217853,25.701754386,2.74771108609,-0.158267399298,-3.05439239792,2.52737129759,0.91704147926,2000,1
SP1,all,B365,1140,additive,A,28.9226039515,28.8596491228,3.58090036241,-0.0629548287356,-2.53761847488,2.40250198639,0.96351824088,2000,1
SP1,all,B365,1140,shin,H,45.0579046182,45.4385964912,2.69412570368,0.38069187306,-2.25938960827,3.19827477917,0.791104447776,2000,1
SP1,all,B365,1140,shin,D,25.9567117702,25.701754386,2.81315682566,-0.254957384271,-3.15159934384,2.42841297219,0.858070964518,2000,1
SP1,all,B365,1140,shin,A,28.9853836116,28.8596491228,3.72673044777,-0.125734488789,-2.60578780172,2.34056104373,0.924537731134,2000,1
SP1,all,PS,1140,proportional,H,44.6466166724,45.4385964912,2.94374359169,0.791979818872,-1.85871843253,3.62834752102,0.586706646677,2000,1
SP1,all,PS,1140,proportional,D,26.543163996,25.701754386,3.34509842808,-0.841409610004,-3.72560044513,1.86024489536,0.547226386807,2000,1
SP1,all,PS,1140,proportional,A,28.8102193317,28.8596491228,3.25761062245,0.0494297911328,-2.43838833444,2.53006997155,0.971014492754,2000,1
SP1,all,PS,1140,power,H,45.0160357872,45.4385964912,2.62412295914,0.422560704067,-2.23471482393,3.24917848231,0.769615192404,2000,1
SP1,all,PS,1140,power,D,26.2746309036,25.701754386,2.9048235522,-0.572876517635,-3.45083154401,2.12537129318,0.671664167916,2000,1
SP1,all,PS,1140,power,A,28.7093333092,28.8596491228,3.08175258389,0.150315813568,-2.33755784608,2.62915069377,0.906046976512,2000,1
SP1,all,PS,1140,additive,H,44.9837648393,45.4385964912,2.64521682577,0.454831651894,-2.2043848574,3.28298916108,0.752123938031,2000,1
SP1,all,PS,1140,additive,D,26.3437215246,25.701754386,2.9426762639,-0.64196713859,-3.52145265325,2.05905384679,0.64167916042,2000,1
SP1,all,PS,1140,additive,A,28.6725136361,28.8596491228,3.05472638657,0.187135486696,-2.30204450456,2.66633529436,0.885057471264,2000,1
SP1,all,PS,1140,shin,H,44.898306875,45.4385964912,2.72130007069,0.540289616247,-2.11957108227,3.37129065578,0.710644677661,2000,1
SP1,all,PS,1140,shin,D,26.3925298662,25.701754386,2.95457015636,-0.690775480249,-3.57141427095,2.01026732508,0.618190904548,2000,1
SP1,all,PS,1140,shin,A,28.7091632588,28.8596491228,3.09066605359,0.150485864002,-2.3384087895,2.63044807969,0.905047476262,2000,1
SP1,2022-23,B365,380,proportional,H,44.1370998297,47.8947368421,7.86284574873,3.75763701237,-0.445126847025,8.27313916178,0.0874562718641,2000,1
SP1,2022-23,B365,380,proportional,D,26.4404150179,23.4210526316,4.15977687413,-3.01936238633,-7.62330003099,1.75246815646,0.213893053473,2000,1
SP1,2022-23,B365,380,proportional,A,29.4224851524,28.6842105263,6.57338498078,-0.738274626046,-4.08571641016,2.6093521003,0.680659670165,2000,1
SP1,2022-23,B365,380,power,H,44.8085902074,47.8947368421,7.93127435842,3.08614663466,-1.10101781731,7.58234632499,0.15892053973,2000,1
SP1,2022-23,B365,380,power,D,25.9286802206,23.4210526316,4.42705192265,-2.50762758904,-7.10743665262,2.26075068437,0.308345827086,2000,1
SP1,2022-23,B365,380,power,A,29.2627295719,28.6842105263,6.383044126,-0.578519045623,-3.92698211582,2.74493859904,0.750124937531,2000,1
SP1,2022-23,B365,380,additive,H,44.7442605674,47.8947368421,7.95512628809,3.15047627467,-1.03453646067,7.65271151498,0.149425287356,2000,1
SP1,2022-23,B365,380,additive,D,26.0484944054,23.4210526316,3.97820731825,-2.62744177383,-7.23217519852,2.14488804618,0.279860069965,2000,1
SP1,2022-23,B365,380,additive,A,29.2072450272,28.6842105263,6.39501190173,-0.523034500846,-3.87217468418,2.79953969331,0.771114442779,2000,1
SP1,2022-23,B365,380,shin,H,44.5885327926,47.8947368421,7.92530118996,3.30620404952,-0.874265988303,7.81137050554,0.129435282359,2000,1
SP1,2022-23,B365,380,shin,D,26.1444345076,23.4210526316,4.32796641284,-2.72338187606,-7.32751229564,2.04836171386,0.264367816092,2000,1
SP1,2022-23,B365,380,shin,A,29.2670326998,28.6842105263,6.44239644599,-0.582822173455,-3.92857514174,2.74643337149,0.748125937031,2000,1
SP1,2022-23,PS,380,proportional,H,44.1185185442,47.8947368421,8.22570516867,3.77621829792,-0.422840297674,8.28611927235,0.0839580209895,2000,1
SP1,2022-23,PS,380,proportional,D,26.7980044356,23.4210526316,4.68461267495,-3.37695180401,-7.96178766267,1.40222994351,0.161419290355,2000,1
SP1,2022-23,PS,380,proportional,A,29.0834770202,28.6842105263,6.32822898049,-0.399266493917,-3.7447664982,2.95272082079,0.823588205897,2000,1
SP1,2022-23,PS,380,power,H,44.4240772906,47.8947368421,8.17172134206,3.4706595515,-0.729138392927,7.9676956742,0.11744127936,2000,1
SP1,2022-23,PS,380,power,D,26.5731986568,23.4210526316,4.58670121073,-3.15214602523,-7.73250564443,1.63345689534,0.193403298351,2000,1
SP1,2022-23,PS,380,power,A,29.0027240526,28.6842105263,6.2061864666,-0.318513526267,-3.65920107157,3.02022899256,0.855572213893,2000,1
SP1,2022-23,PS,380,additive,H,44.3984087846,47.8947368421,8.18169999411,3.49632805748,-0.7062704342,7.99269642414,0.113943028486,2000,1
SP1,2022-23,PS,380,additive,D,26.6302853535,23.4210526316,4.61904369157,-3.20923272196,-7.79048106658,1.57829435254,0.185907046477,2000,1
SP1,2022-23,PS,380,additive,A,28.9713058618,28.6842105263,6.20414246613,-0.287095335525,-3.63090880716,3.05115980262,0.865567216392,2000,1
SP1,2022-23,PS,380,shin,H,44.3275908883,47.8947368421,8.19276371453,3.56714595383,-0.638181745814,8.06705350359,0.105447276362,2000,1
SP1,2022-23,PS,380,shin,D,26.6714272011,23.4210526316,4.63469723237,-3.25037456948,-7.83248780666,1.53500625005,0.175912043978,2000,1
SP1,2022-23,PS,380,shin,A,29.0009819107,28.6842105263,6.2361994249,-0.31677138435,-3.6618590028,3.02503950701,0.856071964018,2000,1
SP1,2023-24,B365,380,proportional,H,45.0302864364,43.9473684211,7.90781487522,-1.08291801532,-6.01352714266,4.45984226961,0.700149925037,2000,1
SP1,2023-24,B365,380,proportional,D,26.1173351211,28.1578947368,4.13446303644,2.04055961571,-3.69609345042,7.3365609112,0.476261869065,2000,1
SP1,2023-24,B365,380,proportional,A,28.8523784425,27.8947368421,6.96672095355,-0.957641600391,-5.88809518834,3.63180117397,0.706146926537,2000,1
SP1,2023-24,B365,380,power,H,45.7143838754,43.9473684211,7.47317507141,-1.76701545438,-6.6881457335,3.78976590386,0.529735132434,2000,1
SP1,2023-24,B365,380,power,D,25.6252187233,28.1578947368,3.57379602937,2.53267601352,-3.21599210674,7.82593875127,0.373313343328,2000,1
SP1,2023-24,B365,380,power,A,28.6603974012,27.8947368421,6.80801373668,-0.765660559137,-5.66468776443,3.82062460463,0.764617691154,2000,1
SP1,2023-24,B365,380,additive,H,45.6573878399,43.9473684211,7.51729264988,-1.71001941882,-6.62997486095,3.8443678179,0.542728635682,2000,1
SP1,2023-24,B365,380,additive,D,25.7295496435,28.1578947368,4.1613477874,2.42834509336,-3.31700826559,7.72316993654,0.395302348826,2000,1
SP1,2023-24,B365,380,additive,A,28.6130625167,27.8947368421,6.77631388474,-0.718325674547,-5.61362422028,3.86843589908,0.779610194903,2000,1
SP1,2023-24,B365,380,shin,H,45.4964337537,43.9473684211,7.61782756281,-1.54906533262,-6.4719745241,4.0049617928,0.584207896052,2000,1
SP1,2023-24,B365,380,shin,D,25.8255131915,28.1578947368,3.76655005071,2.3323815453,-3.410783741,7.62736415427,0.417791104448,2000,1
SP1,2023-24,B365,380,shin,A,28.6780530548,27.8947368421,6.82787932988,-0.783316212673,-5.68471649683,3.80736086261,0.756621689155,2000,1
SP1,2023-24,PS,380,proportional,H,45.1502933837,43.9473684211,7.1364144637,-1.2029249626,-6.13815449595,4.39101806139,0.671664167916,2000,1
SP1,2023-24,PS,380,proportional,D,26.2892511506,28.1578947368,3.61441580924,1.86864358625,-3.90464882391,7.15311693063,0.512743628186,2000,1
SP1,2023-24,PS,380,proportional,A,28.5604554658,27.8947368421,5.29684903431,-0.665718623647,-5.61545776848,3.93186858762,0.795102448776,2000,1
SP1,2023-24,PS,380,power,H,45.544476339,43.9473684211,6.74992421974,-1.5971079179,-6.49506082686,4.0254898551,0.573713143428,2000,1
SP1,2023-24,PS,380,power,D,26.0129729664,28.1578947368,3.65370113812,2.14492177042,-3.62797338928,7.40777862778,0.455272363818,2000,1
SP1,2023-24,PS,380,power,A,28.4425506946,27.8947368421,5.11987314601,-0.547813852523,-5.49115670727,4.04563529225,0.829085457271,2000,1
SP1,2023-24,PS,380,additive,H,45.5132605624,43.9473684211,6.77487959842,-1.56589214135,-6.46526116522,4.05402089429,0.583708145927,2000,1
SP1,2023-24,PS,380,additive,D,26.0772733175,28.1578947368,3.1723135268,2.08062141939,-3.69497304976,7.34933068808,0.461769115442,2000,1
SP1,2023-24,PS,380,additive,A,28.4094661201,27.8947368421,5.08676033623,-0.514729278039,-5.45931824281,4.07902770782,0.840579710145,2000,1
SP1,2023-24,PS,380,shin,H,45.4211665369,43.9473684211,6.86688821562,-1.47379811583,-6.38230216389,4.14424923415,0.606196901549,2000,1
SP1,2023-24,PS,380,shin,D,26.1295069008,28.1578947368,3.64376118488,2.028387836,-3.74747194406,7.30094478766,0.47676161919,2000,1
SP1,2023-24,PS,380,shin,A,28.4493265623,27.8947368421,5.14162944912,-0.554589720167,-5.50053039424,4.03922475619,0.826586706647,2000,1
SP1,2024-25,B365,380,proportional,H,44.6194117482,44.4736842105,6.07862542243,-0.145727537624,-4.76284084626,4.383116409,0.946526736632,2000,1
SP1,2024-25,B365,380,proportional,D,26.206812299,25.5263157895,3.5151146259,-0.680496509539,-4.41878311397,3.24732769061,0.737631184408,2000,1
SP1,2024-25,B365,380,proportional,A,29.1737759528,30,4.32016820508,0.826224047163,-3.62103877505,5.54915715642,0.721139430285,2000,1
SP1,2024-25,B365,380,power,H,45.3227469013,44.4736842105,5.82213293296,-0.84906269076,-5.49226227986,3.70171542455,0.723138430785,2000,1
SP1,2024-25,B365,380,power,D,25.6620301357,25.5263157895,4.1261499971,-0.13571434625,-3.87772874028,3.79045335982,0.950024987506,2000,1
SP1,2024-25,B365,380,power,A,29.015222963,30,3.88078562226,0.984777037009,-3.47336829835,5.70867105776,0.662668665667,2000,1
SP1,2024-25,B365,380,additive,H,45.2504743823,44.4736842105,5.87605220466,-0.776790171754,-5.41579410858,3.76746256737,0.746626686657,2000,1
SP1,2024-25,B365,380,additive,D,25.8020213069,25.5263157895,3.85706193315,-0.275705517431,-4.01474546704,3.64570018918,0.892053973013,2000,1
SP1,2024-25,B365,380,additive,A,28.9475043108,30,3.87248052735,1.05249568919,-3.40411422925,5.77727969751,0.64267866067,2000,1
SP1,2024-25,B365,380,shin,H,45.0887473082,44.4736842105,5.90448365055,-0.615063097713,-5.24862550899,3.93070315279,0.796101949025,2000,1
SP1,2024-25,B365,380,shin,D,25.9001876115,25.5263157895,3.86398417122,-0.373871822049,-4.11299234829,3.549730927,0.854072963518,2000,1
SP1,2024-25,B365,380,shin,A,29.0110650802,30,3.8075290192,0.988934919761,-3.46943564385,5.72102814651,0.662668665667,2000,1
SP1,2024-25,PS,380,proportional,H,44.6710380892,44.4736842105,6.1595866105,-0.197353878711,-4.83600388655,4.37746938587,0.934032983508,2000,1
SP1,2024-25,PS,380,proportional,D,26.5422364017,25.5263157895,3.90658196183,-1.01592061225,-4.73629619044,2.8978210726,0.608695652174,2000,1
SP1,2024-25,PS,380,proportional,A,28.786725509,30,5.81280049201,1.21327449096,-3.16830213144,5.96049958291,0.596701649175,2000,1
SP1,2024-25,PS,380,power,H,45.0795537319,44.4736842105,5.70672162427,-0.605869521394,-5.27406552815,3.94734925019,0.797101449275,2000,1
SP1,2024-25,PS,380,power,D,26.2377210876,25.5263157895,3.80726886263,-0.7114052981,-4.44804473801,3.21341702818,0.724137931034,2000,1
SP1,2024-25,PS,380,power,A,28.6827251805,30,5.36952419273,1.31727481949,-3.05890105724,6.07750340029,0.56371814093,2000,1
SP1,2024-25,PS,380,additive,H,45.039625171,44.4736842105,5.73099388974,-0.56594096045,-5.22861181965,3.99059112196,0.808095952024,2000,1
SP1,2024-25,PS,380,additive,D,26.3236059027,25.5263157895,3.8381615994,-0.797290113203,-4.52870614678,3.12309327373,0.693653173413,2000,1
SP1,2024-25,PS,380,additive,A,28.6367689263,30,5.37113572134,1.36323107365,-3.00946970525,6.12254823915,0.551224387806,2000,1
SP1,2024-25,PS,380,shin,H,44.9461631998,44.4736842105,5.84025218406,-0.472478989257,-5.12908973707,4.08867004605,0.83808095952,2000,1
SP1,2024-25,PS,380,shin,D,26.3766554967,25.5263157895,3.85446474318,-0.850339707265,-4.57915979171,3.06851732496,0.674162918541,2000,1
SP1,2024-25,PS,380,shin,A,28.6771813035,30,5.3483658792,1.32281869652,-3.04979716057,6.07904577118,0.56371814093,2000,1
