league,season,operator,matches,method,brier,rps,log_loss,rps_ci_low,rps_ci_high,rpss,brier_skill,macro_ece_pp
E0,all,B365,1140,proportional,0.557511533861,0.191380627369,0.943055140758,0.183254891783,0.199820337323,0.180348718945,0.134515091466,2.83142906874
E0,all,B365,1140,power,0.557037912347,0.191134281521,0.942077254317,0.18271263538,0.200053638213,0.181403777091,0.135250344906,2.58704467482
E0,all,B365,1140,additive,0.557036692747,0.19114026213,0.942129769541,0.182734676222,0.200021785956,0.181378163142,0.135252238222,2.76865478617
E0,all,B365,1140,shin,0.557103247724,0.191177969237,0.942258503664,0.182845664243,0.199962932051,0.181216669897,0.135148917798,2.73997319011
E0,all,B365,1140,historical_leave_season_out,0.64416089566,0.233490304709,1.064603923,,,0,0,
E0,all,B365,1140,uniform,0.666666666667,0.239473684211,1.09861228867,,,-0.0256258156365,-0.0349381205194,
E0,all,PS,1140,proportional,0.557370090139,0.1913478138,0.942704380254,0.183091778516,0.199886012602,0.180489253984,0.134734669717,2.74795243613
E0,all,PS,1140,power,0.557143323456,0.191232448586,0.942208957898,0.182775380023,0.20003735558,0.180983343939,0.135086703945,2.61867236563
E0,all,PS,1140,additive,0.55714482781,0.191235334436,0.942236235631,0.182798436339,0.200030388953,0.180970984323,0.135084368574,2.60735376149
E0,all,PS,1140,shin,0.557184057151,0.191256215699,0.9423210307,0.182892451894,0.200000017736,0.180881553359,0.135023468664,2.62814026061
E0,all,PS,1140,historical_leave_season_out,0.64416089566,0.233490304709,1.064603923,,,0,0,
E0,all,PS,1140,uniform,0.666666666667,0.239473684211,1.09861228867,,,-0.0256258156365,-0.0349381205194,
E0,2022-23,B365,380,proportional,0.570780513945,0.197417491342,0.961713004274,0.184958009359,0.210467717881,0.14013880291,0.10214650493,5.37933788976
E0,2022-23,B365,380,power,0.570914547184,0.197458533177,0.962079552473,0.184383132824,0.211179886943,0.139960043261,0.101935666947,5.16844079133
E0,2022-23,B365,380,additive,0.570804044795,0.197433032204,0.962035318761,0.184359968517,0.211127359336,0.140071113952,0.102109490255,5.31690724851
E0,2022-23,B365,380,shin,0.570745619168,0.197404681026,0.961789585498,0.184492373893,0.210948880571,0.140194598844,0.102201395377,5.16675701604
E0,2022-23,B365,380,historical_leave_season_out,0.635716759003,0.229592278393,1.05340486861,,,0,0,
E0,2022-23,B365,380,uniform,0.666666666667,0.239619883041,1.09861228867,,,-0.0436757051141,-0.0486850585982,
E0,2022-23,PS,380,proportional,0.571183130175,0.197502560821,0.962151511612,0.184830729126,0.210842605309,0.139768278782,0.101513178493,5.39845597997
E0,2022-23,PS,380,power,0.571062074149,0.197441572775,0.962004248491,0.184520106073,0.211091667793,0.140033915092,0.101703602962,5.40331441489
E0,2022-23,PS,380,additive,0.571035824456,0.197435162911,0.961987580261,0.184498043427,0.211067579747,0.140061833558,0.101744894453,5.39300237015
E0,2022-23,PS,380,shin,0.571060360562,0.197446630513,0.96199518282,0.184572310365,0.210993586983,0.140011885874,0.101706298482,5.38263745595
E0,2022-23,PS,380,historical_leave_season_out,0.635716759003,0.229592278393,1.05340486861,,,0,0,
E0,2022-23,PS,380,uniform,0.666666666667,0.239619883041,1.09861228867,,,-0.0436757051141,-0.0486850585982,
E0,2023-24,B365,380,proportional,0.525979298668,0.180433273336,0.899683733202,0.164391689452,0.197096344364,0.228270141961,0.174643041347,4.66652518654
E0,2023-24,B365,380,power,0.524160412609,0.179645761127,0.896451581123,0.162746009793,0.197184494977,0.231638404778,0.177497203611,4.19026716285
E0,2023-24,B365,380,additive,0.524352954129,0.179698291937,0.896796471405,0.1628806931,0.197183196286,0.231413725628,0.177195071029,4.23473198445
E0,2023-24,B365,380,shin,0.524708796092,0.179862222211,0.897450068725,0.163281931215,0.197177083603,0.23071258063,0.176636690422,4.35790239484
E0,2023-24,B365,380,historical_leave_season_out,0.637274930748,0.23380367036,1.05436447701,,,0,0,
E0,2023-24,B365,380,uniform,0.666666666667,0.241812865497,1.09861228867,,,-0.0342560710216,-0.0461209667925,
E0,2023-24,PS,380,proportional,0.525847838075,0.180455953606,0.899549526388,0.163968811045,0.197764427322,0.228173136343,0.174849326871,5.21274622857
E0,2023-24,PS,380,power,0.524935209518,0.180061868868,0.897913178,0.163035498909,0.197953047388,0.229858673346,0.176281406673,5.17768670427
E0,2023-24,PS,380,additive,0.525016328378,0.180084052778,0.898066836248,0.163092031763,0.197957314507,0.229763790704,0.176154116462,5.1753700118
E0,2023-24,PS,380,shin,0.525205274656,0.180169430277,0.898409765719,0.163320022138,0.197897328779,0.229398623215,0.175857625469,5.40203996792
E0,2023-24,PS,380,historical_leave_season_out,0.637274930748,0.23380367036,1.05436447701,,,0,0,
E0,2023-24,PS,380,uniform,0.666666666667,0.241812865497,1.09861228867,,,-0.0342560710216,-0.0461209667925,
E0,2024-25,B365,380,proportional,0.575774788971,0.196291117429,0.967768684797,0.183572090161,0.210883377097,0.172029332077,0.126940638478,6.15948579042
E0,2024-25,B365,380,power,0.576038777248,0.196298550259,0.967700629354,0.18286179857,0.211550272601,0.171997979841,0.12654034753,6.28616065311
E0,2024-25,B365,380,additive,0.575953079318,0.196289462248,0.967557518458,0.182910457194,0.211490091399,0.172036313753,0.126670293094,6.30797644982
E0,2024-25,B365,380,shin,0.575855327911,0.196267004473,0.96753585677,0.183059959625,0.211309578205,0.172131042334,0.126818515598,6.14368342928
E0,2024-25,B365,380,historical_leave_season_out,0.65949099723,0.237074965374,1.08604242338,,,0,0,
E0,2024-25,B365,380,uniform,0.666666666667,0.236988304094,1.09861228867,,,0.000365543785938,-0.0108806177293,
E0,2024-25,PS,380,proportional,0.575079302167,0.196084926973,0.966412102762,0.183134272419,0.210895567834,0.172899058895,0.127995219673,4.70670194771
E0,2024-25,PS,380,power,0.5754326867,0.196193904114,0.966709447202,0.182954611431,0.211385805956,0.172439385136,0.127459375311,4.89005979434
E0,2024-25,PS,380,additive,0.575382330595,0.196186787619,0.966654290384,0.182951888004,0.211388547723,0.172469403044,0.127535731327,4.80014694819
E0,2024-25,PS,380,shin,0.575286536235,0.196152586307,0.96655814356,0.18297026146,0.21125947111,0.172613666745,0.12768098632,4.77654825776
E0,2024-25,PS,380,historical_leave_season_out,0.65949099723,0.237074965374,1.08604242338,,,0,0,
E0,2024-25,PS,380,uniform,0.666666666667,0.236988304094,1.09861228867,,,0.000365543785938,-0.0108806177293,
SP1,all,B365,1140,proportional,0.568907452072,0.19075607077,0.958264465806,0.183962125869,0.197163394371,0.159118473044,0.11815599331,3.39250125792
SP1,all,B365,1140,power,0.567690438549,0.190193374495,0.956140647825,0.183082970482,0.196999718471,0.161598923083,0.120042444398,2.9849145977
SP1,all,B365,1140,additive,0.567759156648,0.190216552478,0.956274806706,0.183130546117,0.196982741659,0.161496751039,0.11993592682,2.94469113627
SP1,all,B365,1140,shin,0.568009776696,0.190336167493,0.956694277154,0.183353929349,0.197001156549,0.160969470015,0.119547449245,3.07800432571
SP1,all,B365,1140,historical_leave_season_out,0.64513388735,0.226852493075,1.06776077863,,,0,0,
SP1,all,B365,1140,uniform,0.666666666667,0.234941520468,1.09861228867,,,-0.0356576526156,-0.0333772256255,
SP1,all,PS,1140,proportional,0.568710700717,0.190567514319,0.957708328867,0.183607986889,0.197264948204,0.159949658316,0.118460970865,3.18215088074
SP1,all,PS,1140,power,0.568126085342,0.190306229329,0.956717032926,0.183188718903,0.197191299352,0.161101441955,0.119367163186,2.87023303174
SP1,all,PS,1140,additive,0.568157726038,0.190312856073,0.956784855686,0.183190242117,0.19719236234,0.16107223027,0.119318118025,2.88087315875
SP1,all,PS,1140,shin,0.568283950058,0.190371539612,0.956983466899,0.183272929437,0.197213314814,0.160813544378,0.119122462482,2.92217876022
SP1,all,PS,1140,historical_leave_season_out,0.64513388735,0.226852493075,1.06776077863,,,0,0,
SP1,all,PS,1140,uniform,0.666666666667,0.234941520468,1.09861228867,,,-0.0356576526156,-0.0333772256255,
SP1,2022-23,B365,380,proportional,0.581127305261,0.201473423305,0.976403577806,0.190017361365,0.212685949533,0.115345060962,0.0862937404217,6.19866920121
SP1,2022-23,B365,380,power,0.580518304561,0.201269361783,0.975131074849,0.189326276483,0.213231412736,0.116241080052,0.0872512720094,6.24712346902
SP1,2022-23,B365,380,additive,0.5805886734,0.201289061543,0.975226674713,0.18934949628,0.213236532775,0.116154579856,0.0871406311091,6.10944850269
SP1,2022-23,B365,380,shin,0.580681164242,0.201316549316,0.975471030706,0.189561315528,0.213068317333,0.116033883073,0.0869952077909,6.23188801626
SP1,2022-23,B365,380,historical_leave_season_out,0.636011080332,0.227742382271,1.05454918823,,,0,0,
SP1,2022-23,B365,380,uniform,0.666666666667,0.238742690058,1.09861228867,,,-0.0483015400001,-0.048199767712,
SP1,2022-23,PS,380,proportional,0.581033613728,0.20124944855,0.975938765845,0.189522573784,0.212723264934,0.116328517587,0.086441051586,6.41284894137
SP1,2022-23,PS,380,power,0.580732698027,0.201156438342,0.975282908272,0.189197352063,0.212880016366,0.11673691855,0.0869141812376,6.3215363398
SP1,2022-23,PS,380,additive,0.580776706497,0.201164434252,0.975321199849,0.189193659952,0.212888442928,0.116701809099,0.0868449867353,6.3349620506
SP1,2022-23,PS,380,shin,0.580831537672,0.201181768468,0.975467166659,0.189270233441,0.21283750779,0.116625695835,0.0867587756986,6.35455345727
SP1,2022-23,PS,380,historical_leave_season_out,0.636011080332,0.227742382271,1.05454918823,,,0,0,
SP1,2022-23,PS,380,uniform,0.666666666667,0.238742690058,1.09861228867,,,-0.0483015400001,-0.048199767712,
SP1,2023-24,B365,380,proportional,0.565655257828,0.183015939471,0.951346466653,0.171958376562,0.193421639966,0.18329658409,0.132206606883,6.33633295507
SP1,2023-24,B365,380,power,0.564130110265,0.182163691681,0.948485958423,0.170580541874,0.192967043257,0.187099715573,0.134546394167,5.95166161249
SP1,2023-24,B365,380,additive,0.564102720181,0.182170187141,0.948198299169,0.170607365276,0.192978231218,0.187070729765,0.134588414343,6.15165144067
SP1,2023-24,B365,380,shin,0.564470068877,0.182373032304,0.948991833589,0.170873041372,0.193093006509,0.186165539005,0.134024850641,6.07075231447
SP1,2023-24,B365,380,historical_leave_season_out,0.651831717452,0.224091066482,1.07788053544,,,0,0,
SP1,2023-24,B365,380,uniform,0.666666666667,0.230847953216,1.09861228867,,,-0.0301524145539,-0.0227588637036,
SP1,2023-24,PS,380,proportional,0.56584080286,0.182963386849,0.950861330604,0.171628185357,0.193525397776,0.183531098669,0.131921955144,5.34922643575
SP1,2023-24,PS,380,power,0.565126421633,0.182561000388,0.949490473697,0.170810985505,0.193416575265,0.185326736784,0.133017914743,5.17449950129
SP1,2023-24,PS,380,additive,0.565088802903,0.182553934236,0.949250430791,0.170808327977,0.193396245134,0.185358269286,0.133075627077,5.01131782049
SP1,2023-24,PS,380,shin,0.565268420393,0.18265260048,0.949654024681,0.170984048201,0.193386252696,0.184917973984,0.132800069006,5.21742628321
SP1,2023-24,PS,380,historical_leave_season_out,0.651831717452,0.224091066482,1.07788053544,,,0,0,
SP1,2023-24,PS,380,uniform,0.666666666667,0.230847953216,1.09861228867,,,-0.0301524145539,-0.0227588637036,
SP1,2024-25,B365,380,proportional,0.559939793128,0.187778849536,0.947043352958,0.175389649816,0.200931159034,0.17901564978,0.135306728041,4.6379694178
SP1,2024-25,B365,380,power,0.55842290082,0.187147070022,0.944804910204,0.174059487163,0.201035623744,0.18177784102,0.13764920591,4.60968951744
SP1,2024-25,B365,380,additive,0.558586076363,0.18719040875,0.945399446237,0.174107582837,0.201073090203,0.181588360592,0.137397220257,4.53519822172
SP1,2024-25,B365,380,shin,0.558878096969,0.187318920859,0.945619967166,0.174403099317,0.201021318177,0.181026495236,0.136946264179,4.52533228032
SP1,2024-25,B365,380,historical_leave_season_out,0.647558864266,0.228724030471,1.07085261222,,,0,0,
SP1,2024-25,B365,380,uniform,0.666666666667,0.235233918129,1.09861228867,,,-0.0284617564859,-0.0295074370149,
SP1,2024-25,PS,380,proportional,0.559257685562,0.187489707559,0.946324890152,0.174942332392,0.201074812816,0.180279801937,0.13636008026,5.29298968811
SP1,2024-25,PS,380,power,0.558519136365,0.187201249258,0.94537771681,0.174329104641,0.201205601273,0.181540965012,0.137500593096,4.96117155988
SP1,2024-25,PS,380,additive,0.558607668712,0.18722019973,0.945782936417,0.174363021751,0.20121638084,0.18145811201,0.137363876031,4.98009707016
SP1,2024-25,PS,380,shin,0.55875189211,0.187280249889,0.945829209358,0.17460502706,0.201136686872,0.181195567849,0.13714115744,5.01436093548
SP1,2024-25,PS,380,historical_leave_season_out,0.647558864266,0.228724030471,1.07085261222,,,0,0,
SP1,2024-25,PS,380,uniform,0.666666666667,0.235233918129,1.09861228867,,,-0.0284617564859,-0.0295074370149,
