league,operator,method,metric,comparison,estimate,ci_low,ci_high,p_boot,bootstrap_valid,p_holm
E0,B365,proportional,error_slope,2023-24 minus 2022-23,1.21556075122,-1.27794454854,3.61542132812,0.323338330835,2000,1
E0,B365,proportional,extreme_gap,2023-24 minus 2022-23,7.7414627862,-7.66315766176,23.2282172425,0.326336831584,2000,1
E0,B365,proportional,rps_skill,2023-24 minus 2022-23,0.0881313390504,0.000414866850527,0.175081739082,0.0489755122439,2000,1
E0,B365,proportional,error_slope,2024-25 minus 2023-24,-1.81796731673,-4.09857760836,0.452583063545,0.116941529235,2000,1
E0,B365,proportional,extreme_gap,2024-25 minus 2023-24,-8.18648046712,-22.8034040254,7.13382851219,0.279860069965,2000,1
E0,B365,proportional,rps_skill,2024-25 minus 2023-24,-0.0562408098839,-0.143902286093,0.0297362294202,0.218890554723,2000,1
E0,B365,power,error_slope,2023-24 minus 2022-23,1.16568694358,-1.19188694786,3.44816704201,0.317341329335,2000,1
E0,B365,power,extreme_gap,2023-24 minus 2022-23,7.56095417218,-7.86867609315,23.1322840719,0.339830084958,2000,1
E0,B365,power,rps_skill,2023-24 minus 2022-23,0.0916783615176,-0.00224852396595,0.183474483504,0.0529735132434,2000,1
E0,B365,power,error_slope,2024-25 minus 2023-24,-1.72075815,-3.87427546949,0.421805429491,0.11744127936,2000,1
E0,B365,power,extreme_gap,2024-25 minus 2023-24,-8.12633866871,-22.6944207303,7.33827237301,0.282858570715,2000,1
E0,B365,power,rps_skill,2024-25 minus 2023-24,-0.0596404249375,-0.151286584937,0.0302273926261,0.213393303348,2000,1
E0,B365,additive,error_slope,2023-24 minus 2022-23,1.17367262647,-1.19916174799,3.45832227995,0.31784107946,2000,1
E0,B365,additive,extreme_gap,2023-24 minus 2022-23,7.64184021622,-7.79518016494,23.1859614975,0.334832583708,2000,1
E0,B365,additive,rps_skill,2023-24 minus 2022-23,0.091342611676,-0.00228392995056,0.182650153439,0.0514742628686,2000,1
E0,B365,additive,error_slope,2024-25 minus 2023-24,-1.73184825867,-3.89204522231,0.423889585982,0.11744127936,2000,1
E0,B365,additive,extreme_gap,2024-25 minus 2023-24,-8.17002033764,-22.7584056115,7.29038264773,0.28035982009,2000,1
E0,B365,additive,rps_skill,2024-25 minus 2023-24,-0.0593774118745,-0.150705906798,0.0303217894464,0.214892553723,2000,1
E0,B365,shin,error_slope,2023-24 minus 2022-23,1.18398330132,-1.21838693865,3.50088576452,0.31984007996,2000,1
E0,B365,shin,extreme_gap,2023-24 minus 2022-23,7.66508023833,-7.76348709242,23.193142937,0.333333333333,2000,1
E0,B365,shin,rps_skill,2023-24 minus 2022-23,0.0905179817865,-0.00149712489811,0.180690801378,0.0514742628686,2000,1
E0,B365,shin,error_slope,2024-25 minus 2023-24,-1.75342563559,-3.93965332792,0.434536675568,0.11744127936,2000,1
E0,B365,shin,extreme_gap,2024-25 minus 2023-24,-8.17278709662,-22.7681264936,7.25001908062,0.28035982009,2000,1
E0,B365,shin,rps_skill,2024-25 minus 2023-24,-0.0585815382963,-0.149030431207,0.0302021829143,0.216891554223,2000,1
E0,PS,proportional,error_slope,2023-24 minus 2022-23,1.0922602608,-1.3387899163,3.47599540882,0.36331834083,2000,1
E0,PS,proportional,extreme_gap,2023-24 minus 2022-23,6.67151472162,-8.73508451245,21.5345830586,0.389805097451,2000,1
E0,PS,proportional,rps_skill,2023-24 minus 2022-23,0.0884048575605,-0.00097600821445,0.177331620295,0.0539730134933,2000,1
E0,PS,proportional,error_slope,2024-25 minus 2023-24,-1.68598381322,-3.92569184024,0.520005385805,0.136931534233,2000,1
E0,PS,proportional,extreme_gap,2024-25 minus 2023-24,-7.39532820753,-21.749747341,7.31619314676,0.318340829585,2000,1
E0,PS,proportional,rps_skill,2024-25 minus 2023-24,-0.0552740774477,-0.143451071956,0.0330159465592,0.233883058471,2000,1
E0,PS,power,error_slope,2023-24 minus 2022-23,0.994980137244,-1.35806170577,3.30267344136,0.392303848076,2000,1
E0,PS,power,extreme_gap,2023-24 minus 2022-23,6.2194436761,-9.19383907024,21.0182786378,0.415792103948,2000,1
E0,PS,power,rps_skill,2023-24 minus 2022-23,0.0898247582547,-0.00228885962688,0.182169608256,0.0579710144928,2000,1
E0,PS,power,error_slope,2024-25 minus 2023-24,-1.62364099975,-3.79224745337,0.510875223875,0.139430284858,2000,1
E0,PS,power,extreme_gap,2024-25 minus 2023-24,-7.27489559034,-21.606413093,7.45996873097,0.328335832084,2000,1
E0,PS,power,rps_skill,2024-25 minus 2023-24,-0.0574192882109,-0.147762074416,0.0328512279886,0.229885057471,2000,1
E0,PS,additive,error_slope,2023-24 minus 2022-23,1.00749199425,-1.35225430408,3.31343222372,0.388305847076,2000,1
E0,PS,additive,extreme_gap,2023-24 minus 2022-23,6.30760762657,-9.10149682628,21.1144452109,0.408295852074,2000,1
E0,PS,additive,rps_skill,2023-24 minus 2022-23,0.0897019571463,-0.00233579004403,0.18181085731,0.0574712643678,2000,1
E0,PS,additive,error_slope,2024-25 minus 2023-24,-1.63245932233,-3.80952949342,0.50592781078,0.138930534733,2000,1
E0,PS,additive,extreme_gap,2024-25 minus 2023-24,-7.31365591312,-21.6508512176,7.42225132626,0.327336331834,2000,1
E0,PS,additive,rps_skill,2024-25 minus 2023-24,-0.0572943876606,-0.147547151053,0.0328063967602,0.230884557721,2000,1
E0,PS,shin,error_slope,2023-24 minus 2022-23,1.02844845952,-1.34885628105,3.3530952848,0.382808595702,2000,1
E0,PS,shin,extreme_gap,2023-24 minus 2022-23,6.40043074661,-9.0175097672,21.2212769365,0.405797101449,2000,1
E0,PS,shin,rps_skill,2023-24 minus 2022-23,0.0893867373406,-0.00206471527433,0.180690410003,0.0569715142429,2000,1
E0,PS,shin,error_slope,2024-25 minus 2023-24,-1.64577795426,-3.84010220285,0.509624344458,0.138930534733,2000,1
E0,PS,shin,extreme_gap,2024-25 minus 2023-24,-7.33416383703,-21.6759416178,7.41348626124,0.325337331334,2000,1
E0,PS,shin,rps_skill,2024-25 minus 2023-24,-0.0567849564697,-0.146490168054,0.032713103832,0.231884057971,2000,1
SP1,B365,proportional,error_slope,2023-24 minus 2022-23,1.01042016517,-1.70472715016,3.87378927374,0.496251874063,2000,1
SP1,B365,proportional,extreme_gap,2023-24 minus 2022-23,8.7646096444,-8.41241813983,26.2584331287,0.319340329835,2000,1
SP1,B365,proportional,rps_skill,2023-24 minus 2022-23,0.0679515231278,0.00209544438706,0.136229623121,0.0474762618691,2000,1
SP1,B365,proportional,error_slope,2024-25 minus 2023-24,-0.455280502995,-3.38190153795,2.5092925876,0.775112443778,2000,1
SP1,B365,proportional,extreme_gap,2024-25 minus 2023-24,-1.67485868623,-19.9519214942,16.0149929408,0.876061969015,2000,1
SP1,B365,proportional,rps_skill,2024-25 minus 2023-24,-0.00428093430954,-0.0684689026464,0.0571758885704,0.891554222889,2000,1
SP1,B365,power,error_slope,2023-24 minus 2022-23,1.00648620435,-1.5696713166,3.70736725666,0.475262368816,2000,1
SP1,B365,power,extreme_gap,2023-24 minus 2022-23,9.04303782853,-8.1716265114,26.6059892861,0.304847576212,2000,1
SP1,B365,power,rps_skill,2023-24 minus 2022-23,0.0708586355209,0.00166912304767,0.143094128222,0.0489755122439,2000,1
SP1,B365,power,error_slope,2024-25 minus 2023-24,-0.470894069063,-3.22479697485,2.32327217556,0.748625687156,2000,1
SP1,B365,power,extreme_gap,2024-25 minus 2023-24,-2.10816894174,-20.352619356,15.6200887386,0.841579210395,2000,1
SP1,B365,power,rps_skill,2024-25 minus 2023-24,-0.0053218745527,-0.073461074228,0.0606550849624,0.871064467766,2000,1
SP1,B365,additive,error_slope,2023-24 minus 2022-23,1.01282726666,-1.5741877162,3.72086270854,0.472263868066,2000,1
SP1,B365,additive,extreme_gap,2023-24 minus 2022-23,9.0005718674,-8.15781228608,26.5644928293,0.305347326337,2000,1
SP1,B365,additive,rps_skill,2023-24 minus 2022-23,0.0709161499088,0.00176540584634,0.142873680912,0.0484757621189,2000,1
SP1,B365,additive,error_slope,2024-25 minus 2023-24,-0.472521805934,-3.23958046868,2.32689577666,0.747126436782,2000,1
SP1,B365,additive,extreme_gap,2024-25 minus 2023-24,-2.0223349511,-20.2644917778,15.6782233963,0.849575212394,2000,1
SP1,B365,additive,rps_skill,2024-25 minus 2023-24,-0.00548236917281,-0.0733533425343,0.0604020682762,0.869565217391,2000,1
SP1,B365,shin,error_slope,2023-24 minus 2022-23,1.01185908354,-1.60627034703,3.75869620166,0.478260869565,2000,1
SP1,B365,shin,extreme_gap,2023-24 minus 2022-23,8.93782732879,-8.2253160927,26.4820224799,0.309845077461,2000,1
SP1,B365,shin,rps_skill,2023-24 minus 2022-23,0.0701316559313,0.00179066594813,0.141184054926,0.0484757621189,2000,1
SP1,B365,shin,error_slope,2024-25 minus 2023-24,-0.467483755732,-3.27405605281,2.37282477236,0.752623688156,2000,1
SP1,B365,shin,extreme_gap,2024-25 minus 2023-24,-1.9317015939,-20.1803832533,15.7452342471,0.853573213393,2000,1
SP1,B365,shin,rps_skill,2024-25 minus 2023-24,-0.00513904376913,-0.0720317938566,0.0595709850208,0.874562718641,2000,1
SP1,PS,proportional,error_slope,2023-24 minus 2022-23,0.884745500154,-1.78123303507,3.7273954175,0.544227886057,2000,1
SP1,PS,proportional,extreme_gap,2023-24 minus 2022-23,6.42713256911,-10.3959239632,23.6735356199,0.464767616192,2000,1
SP1,PS,proportional,rps_skill,2023-24 minus 2022-23,0.0672025810825,5.72765002565e-05,0.137358074458,0.0574712643678,2000,1
SP1,PS,proportional,error_slope,2024-25 minus 2023-24,-0.356909483575,-3.22806457924,2.589722353,0.816591704148,2000,1
SP1,PS,proportional,extreme_gap,2024-25 minus 2023-24,-1.13420847129,-19.0048699246,16.2826525245,0.912043978011,2000,1
SP1,PS,proportional,rps_skill,2024-25 minus 2023-24,-0.00325129673207,-0.0698950324127,0.0605433621373,0.917541229385,2000,1
SP1,PS,power,error_slope,2023-24 minus 2022-23,0.799511748112,-1.79217601986,3.55093495631,0.571214392804,2000,1
SP1,PS,power,extreme_gap,2023-24 minus 2022-23,6.12436703062,-10.7182449949,23.4267095242,0.488255872064,2000,1
SP1,PS,power,rps_skill,2023-24 minus 2022-23,0.0685898182339,-1.91062108289e-05,0.14056587049,0.0569715142429,2000,1
SP1,PS,power,error_slope,2024-25 minus 2023-24,-0.365581618878,-3.15926991611,2.48760528471,0.809595202399,2000,1
SP1,PS,power,extreme_gap,2024-25 minus 2023-24,-1.37484138434,-19.338792341,16.1006363939,0.891554222889,2000,1
SP1,PS,power,rps_skill,2024-25 minus 2023-24,-0.00378577177218,-0.0728779269948,0.0632478216892,0.907046476762,2000,1
SP1,PS,additive,error_slope,2023-24 minus 2022-23,0.811840044164,-1.78739305111,3.56636132624,0.564717641179,2000,1
SP1,PS,additive,extreme_gap,2023-24 minus 2022-23,6.15190648102,-10.6860090693,23.4425968967,0.487756121939,2000,1
SP1,PS,additive,rps_skill,2023-24 minus 2022-23,0.068656460187,6.39868149739e-05,0.140634639662,0.0569715142429,2000,1
SP1,PS,additive,error_slope,2024-25 minus 2023-24,-0.369063907592,-3.15997318492,2.48278515142,0.807596201899,2000,1
SP1,PS,additive,extreme_gap,2024-25 minus 2023-24,-1.33204271923,-19.2646015168,16.1279079604,0.895052473763,2000,1
SP1,PS,additive,rps_skill,2024-25 minus 2023-24,-0.0039001572763,-0.0728731072843,0.0631053630196,0.905047476262,2000,1
SP1,PS,shin,error_slope,2023-24 minus 2022-23,0.82972563923,-1.78613133091,3.60631221278,0.56071964018,2000,1
SP1,PS,shin,extreme_gap,2023-24 minus 2022-23,6.22287074068,-10.611879783,23.5010405118,0.481259370315,2000,1
SP1,PS,shin,rps_skill,2023-24 minus 2022-23,0.0682922781495,0.000198163064985,0.139724321491,0.0574712643678,2000,1
SP1,PS,shin,error_slope,2024-25 minus 2023-24,-0.365655103,-3.17661249064,2.50757319972,0.811094452774,2000,1
SP1,PS,shin,extreme_gap,2024-25 minus 2023-24,-1.28125223051,-19.1982993375,16.1678986227,0.899550224888,2000,1
SP1,PS,shin,rps_skill,2024-25 minus 2023-24,-0.00372240613571,-0.0720155992296,0.0627253133342,0.908045977011,2000,1
