league,season,operator,matches,method,definition,n_low,n_high,estimate,ci_low,ci_high,p_boot,bootstrap_valid,p_holm
E0,all,B365,1140,proportional,fixed_15_65,359,260,4.06072349308,-2.71522485046,10.6086825233,0.24187906047,2000,1
E0,all,B365,1140,proportional,method_specific_20_60,738,357,2.79732070894,-3.49655023615,8.50806205639,0.374812593703,2000,1
E0,all,B365,1140,power,fixed_15_65,359,260,0.205341192874,-6.59703464503,6.73446318778,0.964017991004,2000,1
E0,all,B365,1140,power,method_specific_20_60,791,397,-0.639288220776,-6.77330385054,5.02030051417,0.835082458771,2000,1
E0,all,B365,1140,additive,fixed_15_65,359,260,0.597102293732,-6.19832198645,7.13871924521,0.872563718141,2000,1
E0,all,B365,1140,additive,method_specific_20_60,782,397,-0.396992856204,-6.63438798718,5.23668233263,0.897051474263,2000,1
E0,all,B365,1140,shin,fixed_15_65,359,260,1.49218034052,-5.29416728027,8.02184459595,0.668165917041,2000,1
E0,all,B365,1140,shin,method_specific_20_60,776,381,1.03551728332,-4.98404918012,6.52053492815,0.727636181909,2000,1
E0,all,PS,1140,proportional,fixed_15_65,377,269,3.01979957876,-3.59420387827,9.46767668294,0.381809095452,2000,1
E0,all,PS,1140,proportional,method_specific_20_60,765,364,1.91147877204,-4.05729301329,7.53661199445,0.550224887556,2000,1
E0,all,PS,1140,power,fixed_15_65,377,269,0.791667761066,-5.83502193952,7.23555722832,0.820089955022,2000,1
E0,all,PS,1140,power,method_specific_20_60,789,389,-0.873032946118,-7.01249102024,4.86598067464,0.786106946527,2000,1
E0,all,PS,1140,additive,fixed_15_65,377,269,0.989963587661,-5.650614875,7.43144286675,0.770114942529,2000,1
E0,all,PS,1140,additive,method_specific_20_60,787,387,-0.18863457284,-6.31121519271,5.625710021,0.951524237881,2000,1
E0,all,PS,1140,shin,fixed_15_65,377,269,1.50710272646,-5.12671152742,7.95612108499,0.660669665167,2000,1
E0,all,PS,1140,shin,method_specific_20_60,783,384,-0.159366943553,-6.33529646638,5.74939022533,0.948525737131,2000,1
SP1,all,B365,1140,proportional,fixed_15_65,276,183,14.5603910359,7.5780782643,21.1754653535,0.000499750124938,2000,0.007996001999
SP1,all,B365,1140,proportional,method_specific_20_60,609,261,8.66491286466,1.37511545666,15.9901045615,0.0204897551224,2000,0.327836081959
SP1,all,B365,1140,power,fixed_15_65,276,183,10.7982462956,3.77095969585,17.3838062918,0.00249875062469,2000,0.0324837581209
SP1,all,B365,1140,power,method_specific_20_60,659,296,5.76940557955,-1.15551195194,12.5858275255,0.0939530234883,2000,0.845577211394
SP1,all,B365,1140,additive,fixed_15_65,276,183,11.097834196,4.10215228712,17.7074415141,0.00199900049975,2000,0.0279860069965
SP1,all,B365,1140,additive,method_specific_20_60,647,296,6.17161417103,-0.657520144235,12.8926427273,0.0689655172414,2000,0.827586206897
SP1,all,B365,1140,shin,fixed_15_65,276,183,11.9969375075,5.00824741246,18.6081092082,0.00149925037481,2000,0.0224887556222
SP1,all,B365,1140,shin,method_specific_20_60,639,282,7.23286730005,0.2532780838,14.3187811272,0.0429785107446,2000,0.601699150425
SP1,all,PS,1140,proportional,fixed_15_65,295,195,11.0368960506,4.21942735054,17.8950230818,0.00349825087456,2000,0.0419790104948
SP1,all,PS,1140,proportional,method_specific_20_60,628,265,8.5370028413,1.33698159274,15.7240715398,0.0214892553723,2000,0.327836081959
SP1,all,PS,1140,power,fixed_15_65,295,195,8.89597271942,2.03276911941,15.7660351538,0.0129935032484,2000,0.124937531234
SP1,all,PS,1140,power,method_specific_20_60,662,281,6.05831935098,-0.778859741254,13.1309575594,0.0809595202399,2000,0.827586206897
SP1,all,PS,1140,additive,fixed_15_65,295,195,9.0291698081,2.18298308903,15.8811119905,0.0124937531234,2000,0.124937531234
SP1,all,PS,1140,additive,method_specific_20_60,660,280,6.15644906978,-0.552412535904,12.8273574536,0.0739630184908,2000,0.827586206897
SP1,all,PS,1140,shin,fixed_15_65,295,195,9.54236489114,2.69662691455,16.391597895,0.00999500249875,2000,0.109945027486
SP1,all,PS,1140,shin,method_specific_20_60,653,279,6.579605896,-0.29503320635,13.447782562,0.0604697651174,2000,0.786106946527
